target_id,geometry,polarity,w_P,w_T,deletion_class,direction,I,G,delta_S,delta_TP,state_sign,I_erased,G_erased,face_control_ids,face_I,face_G,control_abs_I_max,I_abs_margin,control_G_max,G_margin,I_ratio,R_I,R_G,R_S
98969a9f75232bbed2fbab25,contains_p_companion_edge,absent,prohibit,prohibit,both_prohibit,path_to_matching,0.06637327774634985,0.0650587226036749,0.021431815558849432,0.0656419404025789,positive,0.2705978081468282,0.26884815475011614,"95,1050;95,1060",0.013950574675887645;0.07210165820317929,-0.01336735687698365;0.0715184404042753,0.2705978081468282,-0.20422453040047836,0.26884815475011614,-0.20378943214644124,0.24528387055646533,,,
98969a9f75232bbed2fbab25,contains_p_companion_edge,absent,prohibit,prohibit,both_prohibit,matching_to_path,-0.08059720804185766,0.08118968622132561,0.036908902906276686,-0.08352255741694148,negative,-0.3249421007460227,0.3272749719416385,"95,1050;95,1060",-0.012115279385304878;-0.09867280795249644,-0.014448150580920749;0.10100567914811232,0.3249421007460227,-0.24434489270416504,0.3272749719416385,-0.2460852857203129,0.24803559728584715,,,
22b04e3188ffbecaf6e675f1,contains_p_companion_edge,absent,prohibit,strong_suppress,exactly_one_prohibit,path_to_matching,0.03836989621445777,0.0371666199021444,0.011522885163487678,0.037749837701048394,positive,0.1135400615722234,0.11216628612575508,"95,1051;95,1061",0.008695674404794795;0.04124977466443133,-0.0081124566058908;0.04066655686552734,0.1135400615722234,-0.07517016535776563,0.11216628612575508,-0.07499966622361068,0.33794147795181956,0.57809253237562,0.571278045659707,0.5376532441615639
22b04e3188ffbecaf6e675f1,contains_p_companion_edge,absent,prohibit,strong_suppress,exactly_one_prohibit,matching_to_path,-0.04670951884463326,0.046856881702654785,0.020320271471976903,-0.049189752898270656,negative,-0.13736975238892046,0.13819911178356215,"95,1051;95,1061",-0.007757521368760734;-0.05612755360308863,-0.010090392564376605;0.0584604247987045,0.13736975238892046,-0.0906602335442872,0.13819911178356215,-0.09134223008090736,0.34002768464188193,0.5795426414817615,0.5771284985006774,0.5505520314049015
d33a556db1fe0f358f5fee26,contains_p_companion_edge,absent,prohibit,weak_suppress,exactly_one_prohibit,path_to_matching,0.020615635569015883,0.019465143126415313,0.005807031287274611,0.02004836092531931,positive,0.050821777311209376,0.04963746434465169,"95,1052;95,1062",0.004935731612146554;0.021986534724849405,-0.004352513813242559;0.02140331692594541,0.050821777311209376,-0.030206141742193493,0.04963746434465169,-0.030172321218236375,0.4056457026832245,0.3106014388471213,0.29919344166950806,0.27095377297033635
d33a556db1fe0f358f5fee26,contains_p_companion_edge,absent,prohibit,weak_suppress,exactly_one_prohibit,matching_to_path,-0.025132934087118364,0.02506916146628857,0.010398778703854639,-0.02740203266190444,negative,-0.06177609073925361,0.061847600214252285,"95,1052;95,1062",-0.004505097233730049;-0.0297305490321359,-0.00683796842934592;0.03206342022775177,0.06177609073925361,-0.036643156652135245,0.061847600214252285,-0.036778438747963715,0.40683917979206896,0.31183380538524025,0.3087727349746033,0.2817417448104705
6b5cab23f017eaab1d1c3997,contains_p_companion_edge,absent,prohibit,weak_favour,exactly_one_prohibit,path_to_matching,-0.017891179785502254,0.018187738286118915,0.0034868655469540988,-0.01877095608502291,negative,-0.029313511382297458,0.029896729181201454,"95,1053;95,1063",-0.005054488726400991;-0.018598443815794702,-0.005637706525304986;0.019181661614698697,0.029313511382297458,-0.011422331596795204,0.029896729181201454,-0.011708990895082538,0.6103390191700748,0.269553958957318,0.2795587979326782,0.1626957612330857
6b5cab23f017eaab1d1c3997,contains_p_companion_edge,absent,prohibit,weak_favour,exactly_one_prohibit,matching_to_path,0.02176039848173872,0.01590842208804033,0.004687608351942596,0.0182412932836562,positive,0.03561173164038478,0.02787707263968331,"95,1053;95,1063",0.005023051675122181;0.02421054890671759,-0.00269018047950631;0.021877677711101717,0.03561173164038478,-0.013851333158646062,0.02787707263968331,-0.011968650551642979,0.611045784054538,0.2699894823954397,0.19594141606451684,0.12700481409176284
602e1d198ef5929146ef7ef4,contains_p_companion_edge,absent,prohibit,strong_favour,exactly_one_prohibit,path_to_matching,-0.029049739457073898,0.029632957255977893,0.0036265133770249647,-0.030830069572550994,negative,-0.040605669900078606,0.0411888876989826,"95,1054;95,1064",-0.00898609007686918;-0.02980580982547823,-0.009569307875773175;0.030389027624382225,0.040605669900078606,-0.011555930443004708,0.0411888876989826,-0.011555930443004708,0.7154109149918904,0.4376722145332271,0.45548015807958775,0.16921167350787217
602e1d198ef5929146ef7ef4,contains_p_companion_edge,absent,prohibit,strong_favour,exactly_one_prohibit,matching_to_path,0.03494167205552423,0.02303190232732355,-0.002911392405974711,0.027820351593615955,positive,0.04831765108316244,0.024407003135676453,"95,1054;95,1064",0.009374146292807861;0.03729459475344954,-0.00704127509719199;0.03496172355783367,0.04831765108316244,-0.013375979027638207,0.03496172355783367,-0.011929821230510118,0.7231657845987588,0.4335345219077253,0.2836801495270947,0.0
264b90a3f7211e8c4c60e1ee,contains_p_companion_edge,present,prohibit,prohibit,both_prohibit,path_to_matching,0.06637327774634985,0.0650587226036749,0.021431815558849404,0.0656419404025789,positive,0.2705978081468282,0.26884815475011614,"95,1055;95,1065",0.21447427300809718;0.06283228911894909,0.2138910552091932;0.049223199903909,0.2705978081468282,-0.20422453040047836,0.26884815475011614,-0.20378943214644124,0.24528387055646533,,,
264b90a3f7211e8c4c60e1ee,contains_p_companion_edge,present,prohibit,prohibit,both_prohibit,matching_to_path,-0.08059720804185777,0.08118968622132561,0.0369089029062768,-0.08352255741694148,negative,-0.3249421007460227,0.3272749719416385,"95,1055;95,1065",-0.2916354186574417;-0.06575892322928878,0.29396828985305745;0.04727071417832529,0.3249421007460227,-0.24434489270416493,0.3272749719416385,-0.2460852857203129,0.24803559728584748,,,
fde15b523804a3d37fa589c0,contains_p_companion_edge,present,prohibit,strong_suppress,exactly_one_prohibit,path_to_matching,0.03836989621445769,0.03716661990214429,0.011522885163487567,0.03774983770104828,positive,0.1135400615722234,0.11216628612575508,"95,1056;95,1066",0.09215109076512945;0.036275662622477584,0.09156787296622546;0.02761173056345756,0.1135400615722234,-0.07517016535776572,0.11216628612575508,-0.07499966622361079,0.33794147795181884,0.5780925323756188,0.5712780456597052,0.5376532441615595
fde15b523804a3d37fa589c0,contains_p_companion_edge,present,prohibit,strong_suppress,exactly_one_prohibit,matching_to_path,-0.04670951884463326,0.04685688170265501,0.020320271471977236,-0.04918975289827088,negative,-0.13736975238892046,0.13819911178356215,"95,1056;95,1066",-0.12263313396315256;-0.038478500377414404,0.12496600515876843;0.02700825405788221,0.13736975238892046,-0.0906602335442872,0.13819911178356215,-0.09134223008090714,0.34002768464188193,0.5795426414817607,0.5771284985006802,0.5505520314049089
9d6b132cdb39dcaeb5c6d9ef,contains_p_companion_edge,present,prohibit,weak_suppress,exactly_one_prohibit,path_to_matching,0.0206156355690158,0.019465143126415285,0.005807031287274722,0.02004836092531928,positive,0.050821777311209376,0.04963746434465169,"95,1057;95,1067",0.04226925554116967;0.019483410270554558,0.041686037742265675;0.014325580164410129,0.050821777311209376,-0.030206141742193576,0.04963746434465169,-0.030172321218236403,0.40564570268322286,0.3106014388471201,0.2991934416695076,0.2709537729703419
9d6b132cdb39dcaeb5c6d9ef,contains_p_companion_edge,present,prohibit,weak_suppress,exactly_one_prohibit,matching_to_path,-0.025132934087118475,0.02506916146628857,0.01039877870385475,-0.02740203266190444,negative,-0.06177609073925361,0.061847600214252285,"95,1057;95,1067",-0.05515436671245455;-0.02090212531920399,0.05748723790807042;0.014946138064227843,0.06177609073925361,-0.036643156652135134,0.061847600214252285,-0.036778438747963715,0.40683917979207074,0.31183380538524125,0.3087727349746033,0.28174174481047265
ea860db35358f06fddd26906,contains_p_companion_edge,present,prohibit,weak_favour,exactly_one_prohibit,path_to_matching,-0.01789117978550228,0.018187738286118943,0.0034868655469540433,-0.01877095608502294,negative,-0.029313511382297458,0.029896729181201454,"95,1058;95,1068",-0.027465434265872557;-0.0169873753270956,0.028048652064776552;0.012956767685559617,0.029313511382297458,-0.011422331596795177,0.029896729181201454,-0.01170899089508251,0.6103390191700757,0.2695539589573184,0.2795587979326786,0.16269576123308335
ea860db35358f06fddd26906,contains_p_companion_edge,present,prohibit,weak_favour,exactly_one_prohibit,matching_to_path,0.02176039848173872,0.01590842208804033,0.004687608351942707,0.0182412932836562,positive,0.03561173164038478,0.02787707263968331,"95,1058;95,1068",0.032822738171082055;0.018990782325032485,0.030489866975466184;0.005851280019867455,0.03561173164038478,-0.013851333158646062,0.030489866975466184,-0.014581444887425854,0.611045784054538,0.2699894823954393,0.19594141606451684,0.12700481409176548
a23eed2537003d016294f3c2,contains_p_companion_edge,present,prohibit,strong_favour,exactly_one_prohibit,path_to_matching,-0.029049739457073925,0.02963295725597792,0.003626513377024909,-0.030830069572550994,negative,-0.040605669900078606,0.0411888876989826,"95,1059;95,1069",-0.041612508609721544;-0.02781862382934505,0.04219572640862554;0.020487684942201267,0.041612508609721544,-0.012562769152647618,0.04219572640862554,-0.012562769152647618,0.6981011341932725,0.43767221453322747,0.4554801580795882,0.16921167350786978
a23eed2537003d016294f3c2,contains_p_companion_edge,present,prohibit,strong_favour,exactly_one_prohibit,matching_to_path,0.03494167205552434,0.02303190232732366,-0.002911392405975155,0.027820351593616066,positive,0.04831765108316244,0.024407003135676453,"95,1059;95,1069",0.04654800395526115;0.03180550236976665,0.04421513275964528;0.0066192702630266664,0.04831765108316244,-0.013375979027638096,0.04421513275964528,-0.02118323043232162,0.723165784598761,0.43353452190772607,0.2836801495270961,0.0
e3bad43b965ccdbd4e381464,contains_t_action_edge,absent,prohibit,prohibit,both_prohibit,path_to_matching,0.0663732777463498,0.06505872260367479,0.02143181555884946,0.06564194040257879,positive,0.2705978081468282,0.26884815475011614,"95,1060",0.07210165820317929,0.0715184404042753,0.2705978081468282,-0.20422453040047842,0.26884815475011614,-0.20378943214644135,0.24528387055646514,,,
e3bad43b965ccdbd4e381464,contains_t_action_edge,absent,prohibit,prohibit,both_prohibit,matching_to_path,-0.08059720804185766,0.08118968622132583,0.036908902906276464,-0.0835225574169417,negative,-0.3249421007460227,0.3272749719416385,"95,1060",-0.09867280795249644,0.10100567914811232,0.3249421007460227,-0.24434489270416504,0.3272749719416385,-0.24608528572031269,0.24803559728584715,,,
a13dfca7f70ac50e3fbd8e30,contains_t_action_edge,absent,prohibit,strong_suppress,exactly_one_prohibit,path_to_matching,0.03836989621445777,0.0371666199021444,0.011522885163487623,0.037749837701048394,positive,0.1135400615722234,0.11216628612575508,"95,1061",0.04124977466443133,0.04066655686552734,0.1135400615722234,-0.07517016535776563,0.11216628612575508,-0.07499966622361068,0.33794147795181956,0.5780925323756205,0.571278045659708,0.5376532441615607
a13dfca7f70ac50e3fbd8e30,contains_t_action_edge,absent,prohibit,strong_suppress,exactly_one_prohibit,matching_to_path,-0.04670951884463337,0.046856881702654896,0.02032027147197668,-0.04918975289827077,negative,-0.13736975238892046,0.13819911178356215,"95,1061",-0.05612755360308863,0.0584604247987045,0.13736975238892046,-0.0906602335442871,0.13819911178356215,-0.09134223008090725,0.34002768464188277,0.5795426414817628,0.5771284985006772,0.5505520314048988
afc9161f01e89f8a5eb9701f,contains_t_action_edge,absent,prohibit,weak_suppress,exactly_one_prohibit,path_to_matching,0.0206156355690158,0.019465143126415285,0.005807031287274611,0.02004836092531928,positive,0.050821777311209376,0.04963746434465169,"95,1062",0.021986534724849405,0.02140331692594541,0.050821777311209376,-0.030206141742193576,0.04963746434465169,-0.030172321218236403,0.40564570268322286,0.3106014388471203,0.2991934416695082,0.270953772970336
afc9161f01e89f8a5eb9701f,contains_t_action_edge,absent,prohibit,weak_suppress,exactly_one_prohibit,matching_to_path,-0.025132934087118364,0.02506916146628857,0.010398778703855527,-0.02740203266190444,negative,-0.06177609073925361,0.061847600214252285,"95,1062",-0.0297305490321359,0.03206342022775177,0.06177609073925361,-0.036643156652135245,0.061847600214252285,-0.036778438747963715,0.40683917979206896,0.31183380538524025,0.3087727349746024,0.28174174481049624
061f9b391e3a96f70f6a2ce3,contains_t_action_edge,absent,prohibit,weak_favour,exactly_one_prohibit,path_to_matching,-0.01789117978550228,0.018187738286118887,0.0034868655469540433,-0.018770956085022883,negative,-0.029313511382297458,0.029896729181201454,"95,1063",-0.018598443815794702,0.019181661614698697,0.029313511382297458,-0.011422331596795177,0.029896729181201454,-0.011708990895082566,0.6103390191700757,0.2695539589573186,0.27955879793267824,0.1626957612330829
061f9b391e3a96f70f6a2ce3,contains_t_action_edge,absent,prohibit,weak_favour,exactly_one_prohibit,matching_to_path,0.021760398481738608,0.01590842208804044,0.004687608351943151,0.018241293283656312,positive,0.03561173164038478,0.02787707263968331,"95,1063",0.02421054890671759,0.021877677711101717,0.03561173164038478,-0.013851333158646173,0.02787707263968331,-0.011968650551642868,0.6110457840545349,0.2699894823954383,0.19594141606451768,0.12700481409177866
6ff7703a15832d8a9cd4f7f8,contains_t_action_edge,absent,prohibit,strong_favour,exactly_one_prohibit,path_to_matching,-0.029049739457073953,0.02963295725597795,0.0036265133770249647,-0.030830069572550994,negative,-0.040605669900078606,0.0411888876989826,"95,1064",-0.02980580982547823,0.030389027624382225,0.040605669900078606,-0.011555930443004653,0.0411888876989826,-0.011555930443004653,0.7154109149918918,0.43767221453322824,0.4554801580795894,0.16921167350787195
6ff7703a15832d8a9cd4f7f8,contains_t_action_edge,absent,prohibit,strong_favour,exactly_one_prohibit,matching_to_path,0.03494167205552423,0.023031902327323994,-0.002911392405975155,0.027820351593616177,positive,0.04831765108316244,0.024407003135676453,"95,1064",0.03729459475344954,0.03496172355783367,0.04831765108316244,-0.013375979027638207,0.03496172355783367,-0.011929821230509674,0.7231657845987588,0.4335345219077253,0.2836801495270994,0.0
edb6dbb4b76af99470bbb0fa,contains_t_action_edge,present,prohibit,prohibit,both_prohibit,path_to_matching,0.06637327774634977,0.06505872260367479,0.021431815558849404,0.06564194040257879,positive,0.2705978081468282,0.26884815475011614,"95,1065",0.06283228911894909,0.049223199903909,0.2705978081468282,-0.20422453040047844,0.26884815475011614,-0.20378943214644135,0.24528387055646503,,,
edb6dbb4b76af99470bbb0fa,contains_t_action_edge,present,prohibit,prohibit,both_prohibit,matching_to_path,-0.08059720804185766,0.08118968622132583,0.0369089029062768,-0.0835225574169417,negative,-0.3249421007460227,0.3272749719416385,"95,1065",-0.06575892322928878,0.04727071417832529,0.3249421007460227,-0.24434489270416504,0.3272749719416385,-0.24608528572031269,0.24803559728584715,,,
f2089b5c10998a15debb688e,contains_t_action_edge,present,prohibit,strong_suppress,exactly_one_prohibit,path_to_matching,0.0383698962144578,0.0371666199021444,0.011522885163487512,0.037749837701048394,positive,0.1135400615722234,0.11216628612575508,"95,1066",0.036275662622477584,0.02761173056345756,0.1135400615722234,-0.0751701653577656,0.11216628612575508,-0.07499966622361068,0.33794147795181984,0.5780925323756212,0.571278045659708,0.5376532441615569
f2089b5c10998a15debb688e,contains_t_action_edge,present,prohibit,strong_suppress,exactly_one_prohibit,matching_to_path,-0.046709518844633036,0.046856881702654785,0.020320271471977458,-0.049189752898270656,negative,-0.13736975238892046,0.13819911178356215,"95,1066",-0.038478500377414404,0.02700825405788221,0.13736975238892046,-0.09066023354428743,0.13819911178356215,-0.09134223008090736,0.3400276846418803,0.5795426414817587,0.5771284985006758,0.5505520314049149
4c0291bd0950df81ecc53242,contains_t_action_edge,present,prohibit,weak_suppress,exactly_one_prohibit,path_to_matching,0.020615635569015772,0.019465143126415257,0.0058070312872746666,0.020048360925319253,positive,0.050821777311209376,0.04963746434465169,"95,1067",0.019483410270554558,0.014325580164410129,0.050821777311209376,-0.030206141742193604,0.04963746434465169,-0.03017232121823643,0.4056457026832223,0.31060143884712005,0.29919344166950773,0.2709537729703393
4c0291bd0950df81ecc53242,contains_t_action_edge,present,prohibit,weak_suppress,exactly_one_prohibit,matching_to_path,-0.025132934087118475,0.025069161466288792,0.010398778703855305,-0.027402032661904663,negative,-0.06177609073925361,0.061847600214252285,"95,1067",-0.02090212531920399,0.014946138064227843,0.06177609073925361,-0.036643156652135134,0.061847600214252285,-0.03677843874796349,0.40683917979207074,0.31183380538524164,0.30877273497460517,0.2817417448104877
8882f97216fabfc57518e133,contains_t_action_edge,present,prohibit,weak_favour,exactly_one_prohibit,path_to_matching,-0.01789117978550228,0.018187738286118943,0.0034868655469540433,-0.01877095608502294,negative,-0.029313511382297458,0.029896729181201454,"95,1068",-0.0169873753270956,0.012956767685559617,0.029313511382297458,-0.011422331596795177,0.029896729181201454,-0.01170899089508251,0.6103390191700757,0.2695539589573187,0.2795587979326791,0.16269576123308335
8882f97216fabfc57518e133,contains_t_action_edge,present,prohibit,weak_favour,exactly_one_prohibit,matching_to_path,0.02176039848173872,0.01590842208804033,0.004687608351942707,0.0182412932836562,positive,0.03561173164038478,0.02787707263968331,"95,1068",0.018990782325032485,0.005851280019867455,0.03561173164038478,-0.013851333158646062,0.02787707263968331,-0.011968650551642979,0.611045784054538,0.2699894823954397,0.1959414160645163,0.12700481409176548
219f18225ad7511bfd573033,contains_t_action_edge,present,prohibit,strong_favour,exactly_one_prohibit,path_to_matching,-0.02904973945707387,0.029632957255977865,0.003626513377024909,-0.030830069572550967,negative,-0.040605669900078606,0.0411888876989826,"95,1069",-0.02781862382934505,0.020487684942201267,0.040605669900078606,-0.011555930443004736,0.0411888876989826,-0.011555930443004736,0.7154109149918897,0.4376722145332272,0.4554801580795881,0.16921167350786978
219f18225ad7511bfd573033,contains_t_action_edge,present,prohibit,strong_favour,exactly_one_prohibit,matching_to_path,0.03494167205552434,0.02303190232732366,-0.002911392405975377,0.027820351593616066,positive,0.04831765108316244,0.024407003135676453,"95,1069",0.03180550236976665,0.0066192702630266664,0.04831765108316244,-0.013375979027638096,0.024407003135676453,-0.0013751008083527916,0.723165784598761,0.4335345219077266,0.2836801495270953,0.0
62547442905a396637c29d79,contains_p_companion_edge,absent,strong_suppress,prohibit,exactly_one_prohibit,path_to_matching,0.033064942199332814,0.032502142957145014,0.011857970505073728,0.032709482805805434,positive,0.1135400615722234,0.11216628612575508,"96,1050;96,1060",0.008491196908951781;0.035869591156050595,-0.00828385706029136;0.035662251307390175,0.1135400615722234,-0.08047511937289059,0.11216628612575508,-0.07966414316861006,0.29121828666879873,0.49816648087944093,0.49958163419748886,0.5532881930843905
62547442905a396637c29d79,contains_p_companion_edge,absent,strong_suppress,prohibit,exactly_one_prohibit,matching_to_path,-0.040916199261476716,0.041508677440944663,0.020931828651524098,-0.042338036835586346,negative,-0.13736975238892046,0.13819911178356215,"96,1050;96,1060",-0.007250299772899038;-0.050429055981705884,-0.00807965916754072;0.051258415376347566,0.13736975238892046,-0.09645355312744375,0.13819911178356215,-0.09669043434261748,0.2978545025373199,0.5076627374018606,0.511255547013579,0.5671213989935326
0c3a06c23760029b1ebfe901,contains_p_companion_edge,absent,strong_suppress,strong_suppress,neither_prohibit,path_to_matching,0.01972967008777382,0.019278149675947598,0.006704429091300035,0.01948548952460802,positive,0.054267182307860234,0.053645162761879056,"96,1051;96,1061",0.005223098739528864;0.02131056106855095,-0.005015758890868444;0.021103221219890528,0.054267182307860234,-0.034537512220086414,0.053645162761879056,-0.03436701308593146,0.363565404517347,0.2972532133062969,0.29631921600100175,0.3128259980070472
0c3a06c23760029b1ebfe901,contains_p_companion_edge,absent,strong_suppress,strong_suppress,neither_prohibit,matching_to_path,-0.024570467160924148,0.024717830018945675,0.012088104816015965,-0.025547189413587357,negative,-0.0666655601808045,0.06749491957544618,"96,1051;96,1061",-0.004580855716645682;-0.029920621138114556,-0.005410215111287364;0.030749980532756238,0.0666655601808045,-0.04209509301988035,0.06749491957544618,-0.0427770895565005,0.3685631245621619,0.3048550658003392,0.3044454433727469,0.3275118972436397
1b4c595e719e9b7ca31e40b0,contains_p_companion_edge,absent,strong_suppress,weak_suppress,neither_prohibit,path_to_matching,0.010832994778844418,0.010434258236730998,0.003527231379528928,0.010641598085391418,positive,0.02584733423737426,0.02541477717130372,"96,1052;96,1062",0.0029334042051066544;0.011654126268368176,-0.002726064356446234;0.011446786419707755,0.02584733423737426,-0.01501433945852984,0.02541477717130372,-0.014980518934572723,0.4191145856418849,0.16321319583226657,0.1603821565986543,0.1645792149453477
1b4c595e719e9b7ca31e40b0,contains_p_companion_edge,absent,strong_suppress,weak_suppress,neither_prohibit,matching_to_path,-0.0135541356484834,0.013490363027653607,0.006418295604768365,-0.014319722422295289,negative,-0.032102257219683406,0.03217376669468208,"96,1052;96,1062",-0.0026317540205273993;-0.016321232963050325,-0.0034611134151690814;0.017150592357692007,0.032102257219683406,-0.018548121571200005,0.03217376669468208,-0.018683403667028475,0.422217526815302,0.1681712800950145,0.16615858067092978,0.17389559427074916
b940f7e2fef6d9cffcb2152f,contains_p_companion_edge,absent,strong_suppress,weak_favour,neither_prohibit,path_to_matching,-0.00993841634564005,0.01014575619430047,0.002473395866466027,-0.010442314694917132,negative,-0.01659072278761231,0.01679806263627273,"96,1053;96,1063",-0.002901348570287343;-0.010516542774032162,-0.0031086884189477637;0.010723882622692582,0.01659072278761231,-0.006652306441972261,0.01679806263627273,-0.006652306441972261,0.5990345612344692,0.14973520493624567,0.15594766986290903,0.11540766855119443
b940f7e2fef6d9cffcb2152f,contains_p_companion_edge,absent,strong_suppress,weak_favour,neither_prohibit,matching_to_path,0.012545312048632407,0.009343484649057432,0.0026858274700168883,0.010529718651524078,positive,0.02102339694247235,0.014792249742745067,"96,1053;96,1063",0.002826859988687258;0.014362742430496622,-0.001997500594045576;0.01353338303585494,0.02102339694247235,-0.008478084893839943,0.014792249742745067,-0.005448765093687635,0.5967309699265507,0.15565442468077897,0.11508216232769766,0.0727690952190329
3da9f7ac54693d0e32c8a2a4,contains_p_companion_edge,absent,strong_suppress,strong_favour,neither_prohibit,path_to_matching,-0.016491638037143624,0.016698977885804045,0.0029739465455454472,-0.017896090202377146,negative,-0.02366281794272787,0.02387015779138829,"96,1054;96,1064",-0.005071723488383362;-0.017273196610910202,-0.005279063337043782;0.017480536459570623,0.02366281794272787,-0.007171179905584246,0.02387015779138829,-0.007171179905584246,0.6969431145968769,0.24846803709419896,0.2566754651414073,0.13876316438891115
3da9f7ac54693d0e32c8a2a4,contains_p_companion_edge,absent,strong_suppress,strong_favour,neither_prohibit,matching_to_path,0.02069768567510788,0.010291427747881388,-0.0045657083355833405,0.015079877014173793,positive,0.02963576930529055,0.007228633158778752,"96,1054;96,1064",0.005160934305705633;0.022815548347071668,-0.004331574911063951;0.021986188952429986,0.02963576930529055,-0.00893808363018267,0.021986188952429986,-0.011694761204548598,0.6984021727896549,0.25680400323989716,0.12675782142853262,0.0
22fbe98b1a22c063ffd16435,contains_p_companion_edge,present,strong_suppress,prohibit,exactly_one_prohibit,path_to_matching,0.0330649421993329,0.0325021429571451,0.011857970505073673,0.03270948280580552,positive,0.1135400615722234,0.11216628612575508,"96,1055;96,1065",0.08239193543381074;0.03134029372042857,0.08218459558515032;0.018107082455632056,0.1135400615722234,-0.08047511937289051,0.11216628612575508,-0.07966414316860998,0.29121828666879945,0.49816648087944215,0.49958163419749013,0.5532881930843886
22fbe98b1a22c063ffd16435,contains_p_companion_edge,present,strong_suppress,prohibit,exactly_one_prohibit,matching_to_path,-0.04091619926147683,0.041508677440944663,0.02093182865152421,-0.042338036835586346,negative,-0.13736975238892046,0.13819911178356215,"96,1055;96,1065",-0.11542664822784576;-0.03298247051314529,0.11625600762248745;0.012990749661207612,0.13736975238892046,-0.09645355312744364,0.13819911178356215,-0.09669043434261748,0.2978545025373207,0.5076627374018613,0.511255547013579,0.567121398993534
fc07f0ab400735acd688adc5,contains_p_companion_edge,present,strong_suppress,strong_suppress,neither_prohibit,path_to_matching,0.01972967008777385,0.019278149675947598,0.006704429091299952,0.01948548952460802,positive,0.054267182307860234,0.053645162761879056,"96,1056;96,1066",0.041912110573164324;0.01855816198550711,0.0417047707245039;0.01027010787673066,0.054267182307860234,-0.034537512220086386,0.053645162761879056,-0.03436701308593146,0.3635654045173475,0.2972532133062973,0.29631921600100175,0.3128259980070437
fc07f0ab400735acd688adc5,contains_p_companion_edge,present,strong_suppress,strong_suppress,neither_prohibit,matching_to_path,-0.024570467160924037,0.024717830018945786,0.01208810481601652,-0.025547189413587468,negative,-0.0666655601808045,0.06749491957544618,"96,1056;96,1066",-0.05765020504707974;-0.019842486396168812,0.05847956444172142;0.006868728275662428,0.0666655601808045,-0.04209509301988046,0.06749491957544618,-0.04277708955650039,0.3685631245621602,0.30485506580033744,0.30444544337274826,0.32751189724365376
997005ac4706c1e6055d1f14,contains_p_companion_edge,present,strong_suppress,weak_suppress,neither_prohibit,path_to_matching,0.010832994778844363,0.010434258236730998,0.0035272313795289,0.010641598085391418,positive,0.02584733423737426,0.02541477717130372,"96,1057;96,1067",0.020852591172264012;0.010141213023752899,0.02064525132360359;0.005359260867852045,0.02584733423737426,-0.015014339458529896,0.02541477717130372,-0.014980518934572723,0.41911458564188275,0.1632131958322657,0.1603821565986543,0.1645792149453466
997005ac4706c1e6055d1f14,contains_p_companion_edge,present,strong_suppress,weak_suppress,neither_prohibit,matching_to_path,-0.013554135648483734,0.013490363027653829,0.006418295604769142,-0.014319722422295511,negative,-0.032102257219683406,0.03217376669468208,"96,1057;96,1067",-0.02819896046737347;-0.010989649674315927,0.02902831986201515;0.0035301506183655906,0.032102257219683406,-0.01854812157119967,0.03217376669468208,-0.018683403667028253,0.4222175268153124,0.16817128009501842,0.1661585806709325,0.17389559427076967
cc933e6d4b704e46794b0deb,contains_p_companion_edge,present,strong_suppress,weak_favour,neither_prohibit,path_to_matching,-0.00993841634564005,0.01014575619430047,0.0024733958664659994,-0.010442314694917132,negative,-0.01659072278761231,0.01679806263627273,"96,1058;96,1068",-0.015548637623831435;-0.009239224375239219,0.015755977472491856;0.004832738783459661,0.01659072278761231,-0.006652306441972261,0.01679806263627273,-0.006652306441972261,0.5990345612344692,0.14973520493624567,0.15594766986290903,0.11540766855119329
cc933e6d4b704e46794b0deb,contains_p_companion_edge,present,strong_suppress,weak_favour,neither_prohibit,matching_to_path,0.012545312048632407,0.009343484649057432,0.0026858274700166662,0.010529718651524078,positive,0.02102339694247235,0.014792249742745067,"96,1058;96,1068",0.019429771571494725;0.010520473561963395,0.018600412176853043;-0.0011155169422274458,0.02102339694247235,-0.008478084893839943,0.018600412176853043,-0.009256927527795611,0.5967309699265507,0.15565442468077875,0.11508216232769766,0.07276909521902666
df1ac1a23541bf3f2c7808b1,contains_p_companion_edge,present,strong_suppress,strong_favour,neither_prohibit,path_to_matching,-0.016491638037143652,0.016698977885804073,0.0029739465455454195,-0.017896090202377146,negative,-0.02366281794272787,0.02387015779138829,"96,1059;96,1069",-0.02441890145785458;-0.015388035726179555,0.024626241306515;0.007681218888792196,0.02441890145785458,-0.007927263420710928,0.024626241306515,-0.007927263420710928,0.6753636344209479,0.24846803709419937,0.2566754651414077,0.13876316438891004
df1ac1a23541bf3f2c7808b1,contains_p_companion_edge,present,strong_suppress,strong_favour,neither_prohibit,matching_to_path,0.02069768567510777,0.010291427747881277,-0.004565708335584007,0.015079877014173682,positive,0.02963576930529055,0.007228633158778752,"96,1059;96,1069",0.028657854750731238;0.018018483029191068,0.027828495356089555;-0.005664237276574724,0.02963576930529055,-0.00893808363018278,0.027828495356089555,-0.01753706760820828,0.6984021727896511,0.25680400323989544,0.12675782142853126,0.0
764b05de462c22dbb0544a09,contains_t_action_edge,absent,strong_suppress,prohibit,exactly_one_prohibit,path_to_matching,0.0330649421993329,0.03250214295714504,0.011857970505073728,0.03270948280580546,positive,0.1135400615722234,0.11216628612575508,"96,1060",0.035869591156050595,0.035662251307390175,0.1135400615722234,-0.08047511937289051,0.11216628612575508,-0.07966414316861004,0.29121828666879945,0.4981664808794426,0.49958163419749013,0.5532881930843897
764b05de462c22dbb0544a09,contains_t_action_edge,absent,strong_suppress,prohibit,exactly_one_prohibit,matching_to_path,-0.04091619926147638,0.04150867744094455,0.020931828651523876,-0.042338036835586235,negative,-0.13736975238892046,0.13819911178356215,"96,1060",-0.050429055981705884,0.051258415376347566,0.13736975238892046,-0.09645355312744408,0.13819911178356215,-0.09669043434261759,0.2978545025373175,0.5076627374018565,0.5112555470135762,0.5671213989935301
c7ecd291a64487495718605d,contains_t_action_edge,absent,strong_suppress,strong_suppress,neither_prohibit,path_to_matching,0.01972967008777382,0.019278149675947598,0.006704429091299896,0.01948548952460802,positive,0.054267182307860234,0.053645162761879056,"96,1061",0.02131056106855095,0.021103221219890528,0.054267182307860234,-0.034537512220086414,0.053645162761879056,-0.03436701308593146,0.363565404517347,0.2972532133062971,0.29631921600100225,0.3128259980070403
c7ecd291a64487495718605d,contains_t_action_edge,absent,strong_suppress,strong_suppress,neither_prohibit,matching_to_path,-0.024570467160924148,0.024717830018945675,0.012088104816015965,-0.025547189413587357,negative,-0.0666655601808045,0.06749491957544618,"96,1061",-0.029920621138114556,0.030749980532756238,0.0666655601808045,-0.04209509301988035,0.06749491957544618,-0.0427770895565005,0.3685631245621619,0.3048550658003392,0.3044454433727461,0.3275118972436417
ebb7d7849fb951345dc6daf7,contains_t_action_edge,absent,strong_suppress,weak_suppress,neither_prohibit,path_to_matching,0.01083299477884439,0.010434258236731025,0.003527231379528928,0.010641598085391446,positive,0.02584733423737426,0.02541477717130372,"96,1062",0.011654126268368176,0.011446786419707755,0.02584733423737426,-0.015014339458529868,0.02541477717130372,-0.014980518934572695,0.41911458564188386,0.16321319583226626,0.16038215659865498,0.1645792149453475
ebb7d7849fb951345dc6daf7,contains_t_action_edge,absent,strong_suppress,weak_suppress,neither_prohibit,matching_to_path,-0.0135541356484834,0.013490363027653607,0.006418295604769364,-0.014319722422295289,negative,-0.032102257219683406,0.03217376669468208,"96,1062",-0.016321232963050325,0.017150592357692007,0.032102257219683406,-0.018548121571200005,0.03217376669468208,-0.018683403667028475,0.422217526815302,0.1681712800950145,0.1661585806709293,0.17389559427077728
d575aca7efc03d6ff4a6c6a2,contains_t_action_edge,absent,strong_suppress,weak_favour,neither_prohibit,path_to_matching,-0.009938416345640105,0.010145756194300526,0.0024733958664659994,-0.010442314694917132,negative,-0.01659072278761231,0.01679806263627273,"96,1063",-0.010516542774032162,0.010723882622692582,0.01659072278761231,-0.0066523064419722056,0.01679806263627273,-0.0066523064419722056,0.5990345612344725,0.14973520493624665,0.15594766986291014,0.11540766855119299
d575aca7efc03d6ff4a6c6a2,contains_t_action_edge,absent,strong_suppress,weak_favour,neither_prohibit,matching_to_path,0.012545312048632296,0.009343484649057765,0.0026858274700172213,0.01052971865152419,positive,0.02102339694247235,0.014792249742745067,"96,1063",0.014362742430496622,0.01353338303585494,0.02102339694247235,-0.008478084893840054,0.014792249742745067,-0.005448765093687302,0.5967309699265455,0.1556544246807776,0.11508216232770145,0.07276909521904236
846def0de15747ee13bcab98,contains_t_action_edge,absent,strong_suppress,strong_favour,neither_prohibit,path_to_matching,-0.016491638037143652,0.016698977885804073,0.0029739465455454472,-0.01789609020237712,negative,-0.02366281794272787,0.02387015779138829,"96,1064",-0.017273196610910202,0.017480536459570623,0.02366281794272787,-0.0071711799055842185,0.02387015779138829,-0.0071711799055842185,0.6969431145968781,0.24846803709419957,0.25667546514140815,0.13876316438891095
846def0de15747ee13bcab98,contains_t_action_edge,absent,strong_suppress,strong_favour,neither_prohibit,matching_to_path,0.020697685675107658,0.01029142774788161,-0.004565708335583785,0.015079877014173793,positive,0.02963576930529055,0.007228633158778752,"96,1064",0.022815548347071668,0.021986188952429986,0.02963576930529055,-0.008938083630182891,0.021986188952429986,-0.011694761204548376,0.6984021727896473,0.2568040032398944,0.126757821428535,0.0
cd92afcd4224f18a1297b206,contains_t_action_edge,present,strong_suppress,prohibit,exactly_one_prohibit,path_to_matching,0.03306494219933287,0.03250214295714504,0.011857970505073673,0.03270948280580546,positive,0.1135400615722234,0.11216628612575508,"96,1065",0.03134029372042857,0.018107082455632056,0.1135400615722234,-0.08047511937289054,0.11216628612575508,-0.07966414316861004,0.29121828666879923,0.4981664808794424,0.49958163419749013,0.5532881930843886
cd92afcd4224f18a1297b206,contains_t_action_edge,present,strong_suppress,prohibit,exactly_one_prohibit,matching_to_path,-0.04091619926147638,0.04150867744094455,0.020931828651524098,-0.042338036835586235,negative,-0.13736975238892046,0.13819911178356215,"96,1065",-0.03298247051314529,0.012990749661207612,0.13736975238892046,-0.09645355312744408,0.13819911178356215,-0.09669043434261759,0.2978545025373175,0.5076627374018565,0.5112555470135762,0.567121398993531
9800da07eb2f1d48cdbc5a17,contains_t_action_edge,present,strong_suppress,strong_suppress,neither_prohibit,path_to_matching,0.019729670087773876,0.019278149675947626,0.006704429091299896,0.019485489524608046,positive,0.054267182307860234,0.053645162761879056,"96,1066",0.01855816198550711,0.01027010787673066,0.054267182307860234,-0.03453751222008636,0.053645162761879056,-0.03436701308593143,0.363565404517348,0.2972532133062981,0.2963192160010027,0.3128259980070411
9800da07eb2f1d48cdbc5a17,contains_t_action_edge,present,strong_suppress,strong_suppress,neither_prohibit,matching_to_path,-0.024570467160923815,0.024717830018945564,0.012088104816016632,-0.025547189413587246,negative,-0.0666655601808045,0.06749491957544618,"96,1066",-0.019842486396168812,0.006868728275662428,0.0666655601808045,-0.04209509301988068,0.06749491957544618,-0.042777089556500614,0.3685631245621569,0.3048550658003351,0.3044454433727447,0.32751189724365676
ac0a0036618ad76de8f3025b,contains_t_action_edge,present,strong_suppress,weak_suppress,neither_prohibit,path_to_matching,0.010832994778844363,0.010434258236730998,0.0035272313795289556,0.010641598085391418,positive,0.02584733423737426,0.02541477717130372,"96,1067",0.010141213023752899,0.005359260867852045,0.02584733423737426,-0.015014339458529896,0.02541477717130372,-0.014980518934572723,0.41911458564188275,0.16321319583226593,0.16038215659865457,0.16457921494534922
ac0a0036618ad76de8f3025b,contains_t_action_edge,present,strong_suppress,weak_suppress,neither_prohibit,matching_to_path,-0.0135541356484834,0.013490363027653718,0.006418295604769031,-0.0143197224222954,negative,-0.032102257219683406,0.03217376669468208,"96,1067",-0.010989649674315927,0.0035301506183655906,0.032102257219683406,-0.018548121571200005,0.03217376669468208,-0.018683403667028364,0.422217526815302,0.1681712800950145,0.1661585806709307,0.17389559427076667
21a3008c67c509d223db88b7,contains_t_action_edge,present,strong_suppress,weak_favour,neither_prohibit,path_to_matching,-0.00993841634564005,0.01014575619430047,0.002473395866466027,-0.010442314694917132,negative,-0.01659072278761231,0.01679806263627273,"96,1068",-0.009239224375239219,0.004832738783459661,0.01659072278761231,-0.006652306441972261,0.01679806263627273,-0.006652306441972261,0.5990345612344692,0.14973520493624587,0.15594766986290928,0.11540766855119458
21a3008c67c509d223db88b7,contains_t_action_edge,present,strong_suppress,weak_favour,neither_prohibit,matching_to_path,0.012545312048632407,0.009343484649057432,0.002685827470016555,0.010529718651524078,positive,0.02102339694247235,0.014792249742745067,"96,1068",0.010520473561963395,-0.0011155169422274458,0.02102339694247235,-0.008478084893839943,0.014792249742745067,-0.005448765093687635,0.5967309699265507,0.15565442468077897,0.11508216232769734,0.07276909521902365
38bc280346bd567b780a78e5,contains_t_action_edge,present,strong_suppress,strong_favour,neither_prohibit,path_to_matching,-0.01649163803714357,0.01669897788580399,0.0029739465455453917,-0.01789609020237709,negative,-0.02366281794272787,0.02387015779138829,"96,1069",-0.015388035726179555,0.007681218888792196,0.02366281794272787,-0.007171179905584302,0.02387015779138829,-0.007171179905584302,0.6969431145968745,0.24846803709419843,0.2566754651414069,0.13876316438890873
38bc280346bd567b780a78e5,contains_t_action_edge,present,strong_suppress,strong_favour,neither_prohibit,matching_to_path,0.02069768567510799,0.010291427747881499,-0.004565708335584118,0.015079877014173904,positive,0.02963576930529055,0.007228633158778752,"96,1069",0.018018483029191068,-0.005664237276574724,0.02963576930529055,-0.008938083630182558,0.007228633158778752,0.0030627945891027464,0.6984021727896585,0.25680400323989855,0.12675782142853365,0.0
b9200ec32144f94189899cb2,contains_p_companion_edge,absent,weak_suppress,prohibit,exactly_one_prohibit,path_to_matching,0.016098593728662874,0.01578447727017926,0.00598842453409637,0.01593259681504622,positive,0.050821777311209376,0.04963746434465169,"97,1050;97,1060",0.004769448065815141;0.01753379784781922,-0.004751570697065444;0.017515920479069524,0.050821777311209376,-0.0347231835825465,0.04963746434465169,-0.03385298707447243,0.31676565795962686,0.2425463119387411,0.24261892392716083,0.27941750980698804
b9200ec32144f94189899cb2,contains_p_companion_edge,absent,weak_suppress,prohibit,exactly_one_prohibit,matching_to_path,-0.020194380711869853,0.02026589018686864,0.011217405537767733,-0.020858368366336588,negative,-0.06177609073925361,0.061847600214252285,"97,1050;97,1060",-0.0040050287794693995;-0.02512617066572287,-0.004076538254468187;0.025197680140721657,0.06177609073925361,-0.041581710027383756,0.061847600214252285,-0.041581710027383645,0.32689638451074715,0.25055930847358915,0.2496116333252378,0.3039214025475711
7e45648b3e96c1b61b4b7592,contains_p_companion_edge,absent,weak_suppress,strong_suppress,neither_prohibit,path_to_matching,0.009786734627462212,0.009695175829701752,0.003523950784771024,0.009732016544207134,positive,0.02584733423737426,0.02541477717130372,"97,1051;97,1061",0.002904189403876406;0.01064498091505836,-0.002886312035126709;0.010627103546308664,0.02584733423737426,-0.016060599609912046,0.02541477717130372,-0.01571960134160197,0.37863613081270747,0.14744992201323712,0.14902192114596038,0.16442614369718883
7e45648b3e96c1b61b4b7592,contains_p_companion_edge,absent,weak_suppress,strong_suppress,neither_prohibit,matching_to_path,-0.012394558958576551,0.012466068433575339,0.006674619414322791,-0.012613431291596866,negative,-0.032102257219683406,0.03217376669468208,"97,1051;97,1061",-0.002504211351212815;-0.015287878665219745,-0.0025757208262116027;0.015359388140218533,0.032102257219683406,-0.019707698261106854,0.03217376669468208,-0.019707698261106743,0.3860961823885974,0.15378397415626996,0.1535425127717879,0.18084036340152806
6871d429b526960861102b76,contains_p_companion_edge,absent,weak_suppress,weak_suppress,neither_prohibit,path_to_matching,0.005446269648383628,0.005426458066091655,0.0019292276952088405,0.005444335434841352,positive,0.012743944165477306,0.012690312059228215,"97,1052;97,1062",0.0016180373599799514;0.005912877974148634,-0.0016001599912302544;0.005895000605398937,0.012743944165477306,-0.007297674517093677,0.012690312059228215,-0.00726385399313656,0.42736138652720207,0.08205515582938258,0.08340861684525507,0.09001699785589286
6871d429b526960861102b76,contains_p_companion_edge,absent,weak_suppress,weak_suppress,neither_prohibit,matching_to_path,-0.006948249038189691,0.006884476417359897,0.003629269250438494,-0.006955985892358685,negative,-0.0160834469979797,0.016154956472978377,"97,1052;97,1062",-0.001426735060158002;-0.00849538188968757,-0.0014982445351567897;0.008566891364686358,0.0160834469979797,-0.009135197959790009,0.016154956472978377,-0.00927048005561848,0.4320124311077399,0.08620955002040717,0.08479496273199776,0.09833045592426169
ddfefac4114183968ecb7168,contains_p_companion_edge,absent,weak_suppress,weak_favour,neither_prohibit,path_to_matching,-0.005186532528632881,0.005204409897382578,0.0015321157422060194,-0.00550096839799924,negative,-0.00877169945649317,0.008789576825242867,"97,1053;97,1063",-0.0015601828569265508;-0.005569924159195577,-0.0015780602256762477;0.005587801527945274,0.00877169945649317,-0.0035851669278602893,0.008789576825242867,-0.0035851669278602893,0.5912802364419357,0.07814187734487936,0.07999557459937896,0.0714879118849729
ddfefac4114183968ecb7168,contains_p_companion_edge,absent,weak_suppress,weak_favour,neither_prohibit,matching_to_path,0.0067375108183896915,0.004293533338457611,0.000844355455808965,0.0054797673409242575,positive,0.011482470132427869,0.006009172852343481,"97,1053;97,1063",0.0014891917248186504;0.007885536737091692,-0.0014176822498198627;0.007814027262092904,0.011482470132427869,-0.004744959314038177,0.007814027262092904,-0.003520493923635293,0.5867649330401614,0.08359484133607466,0.052882743341972106,0.02287674217662468
0f49efcab7bc8dd6aa25ea6a,contains_p_companion_edge,absent,weak_suppress,strong_favour,neither_prohibit,path_to_matching,-0.008745961581761663,0.00876383895051136,0.001999209256488804,-0.009960951267084461,negative,-0.012793706075550387,0.012811583444300084,"97,1054;97,1064",-0.002696344575726456;-0.00931543515524369,-0.002714221944476153;0.009333312523993387,0.012793706075550387,-0.004047744493788724,0.012811583444300084,-0.004047744493788724,0.6836143905537873,0.1317693185981408,0.1347065942855805,0.09328230970442954
0f49efcab7bc8dd6aa25ea6a,contains_p_companion_edge,absent,weak_suppress,strong_favour,neither_prohibit,matching_to_path,0.011345223497018386,0.0016968154894347887,-0.004141241219819403,0.006485264755727194,positive,0.01666922656062697,-0.004980059666241932,"97,1054;97,1064",0.0026727874714516098;0.01281804190629765,-0.002601277996452822;0.012746532431298863,0.01666922656062697,-0.0053240030636085844,0.012746532431298863,-0.011049716941864074,0.680608872628561,0.1407644727733784,0.0208993970589961,0.0
1f98d8f7987b5bbd79d43957,contains_p_companion_edge,present,weak_suppress,prohibit,exactly_one_prohibit,path_to_matching,0.016098593728662985,0.01578447727017937,0.005988424534096315,0.01593259681504633,positive,0.050821777311209376,0.04963746434465169,"97,1055;97,1065",0.03534775230714318;0.01519464308295368,0.035329874938393485;0.0021508942980678902,0.050821777311209376,-0.03472318358254639,0.04963746434465169,-0.03385298707447232,0.3167656579596291,0.2425463119387428,0.24261892392716253,0.2794175098069858
1f98d8f7987b5bbd79d43957,contains_p_companion_edge,present,weak_suppress,prohibit,exactly_one_prohibit,matching_to_path,-0.02019438071186974,0.02026589018686853,0.011217405537767844,-0.020858368366336366,negative,-0.06177609073925361,0.061847600214252285,"97,1055;97,1065",-0.05074605992500425;-0.016042045101317126,0.05081756940000304;-0.004707525670263446,0.06177609073925361,-0.04158171002738387,0.061847600214252285,-0.041581710027383756,0.3268963845107453,0.2505593084735874,0.24961163332523645,0.30392140254757316
f5de443f72fb82a782cfb95c,contains_p_companion_edge,present,weak_suppress,strong_suppress,neither_prohibit,path_to_matching,0.00978673462746224,0.009695175829701724,0.0035239507847709406,0.009732016544207134,positive,0.02584733423737426,0.02541477717130372,"97,1056;97,1066",0.019372609383861816;0.009135527937956328,0.01935473201511212;0.0010369363090906025,0.02584733423737426,-0.01606059960991202,0.02541477717130372,-0.015719601341601996,0.3786361308127085,0.14744992201323753,0.14902192114595997,0.16442614369718514
f5de443f72fb82a782cfb95c,contains_p_companion_edge,present,weak_suppress,strong_suppress,neither_prohibit,matching_to_path,-0.01239455895857644,0.012466068433575228,0.006674619414322791,-0.012613431291596977,negative,-0.032102257219683406,0.03217376669468208,"97,1056;97,1066",-0.027370888204303334;-0.009819472124355633,0.027442397679302122;-0.003912135915793646,0.032102257219683406,-0.019707698261106965,0.03217376669468208,-0.019707698261106854,0.38609618238859394,0.15378397415626838,0.15354251277178654,0.1808403634015275
f3fdb729dfe957fc3c20742e,contains_p_companion_edge,present,weak_suppress,weak_suppress,neither_prohibit,path_to_matching,0.005446269648383545,0.005426458066091627,0.0019292276952089238,0.005444335434841324,positive,0.012743944165477306,0.012690312059228215,"97,1057;97,1067",0.010066341604297008;0.005046538880720791,0.01004846423554731;0.000454049204730661,0.012743944165477306,-0.007297674517093761,0.012690312059228215,-0.0072638539931365875,0.4273613865271955,0.08205515582938133,0.08340861684525464,0.09001699785589685
f3fdb729dfe957fc3c20742e,contains_p_companion_edge,present,weak_suppress,weak_suppress,neither_prohibit,matching_to_path,-0.006948249038189913,0.006884476417360008,0.003629269250438716,-0.006955985892358796,negative,-0.0160834469979797,0.016154956472978377,"97,1057;97,1067",-0.014009799151755264;-0.005507661652877416,0.014081308626754052;-0.0027096873227158147,0.0160834469979797,-0.009135197959789787,0.016154956472978377,-0.009270480055618369,0.43201243110775367,0.08620955002040981,0.08479496273199913,0.09833045592426741
5247907e04ab13cfd35aa28c,contains_p_companion_edge,present,weak_suppress,weak_favour,neither_prohibit,path_to_matching,-0.005186532528632881,0.005204409897382578,0.0015321157422060194,-0.00550096839799924,negative,-0.00877169945649317,0.008789576825242867,"97,1058;97,1068",-0.00820686337467344;-0.004735119428940449,0.008224740743423137;0.00013917135725016738,0.00877169945649317,-0.0035851669278602893,0.008789576825242867,-0.0035851669278602893,0.5912802364419357,0.07814187734487936,0.07999557459937896,0.071487911884973
5247907e04ab13cfd35aa28c,contains_p_companion_edge,present,weak_suppress,weak_favour,neither_prohibit,matching_to_path,0.0067375108183896915,0.004293533338457611,0.000844355455808854,0.0054797673409242575,positive,0.011482470132427869,0.006009172852343481,"97,1058;97,1068",0.010622629516860549;0.005469812751191183,0.010551120041861761;-0.0053983032761923955,0.011482470132427869,-0.004744959314038177,0.010551120041861761,-0.00625758670340415,0.5867649330401614,0.08359484133607455,0.052882743341972106,0.0228767421766216
81c7ae93f7b54fa8e4ad95dd,contains_p_companion_edge,present,weak_suppress,strong_favour,neither_prohibit,path_to_matching,-0.008745961581761691,0.008763838950511388,0.001999209256488804,-0.009960951267084461,negative,-0.012793706075550387,0.012811583444300084,"97,1059;97,1069",-0.013253721290466147;-0.00798296296301354,0.013271598659215844;8.668364571545739e-05,0.013253721290466147,-0.004507759708704456,0.013271598659215844,-0.004507759708704456,0.659887241483866,0.13176931859814123,0.13470659428558093,0.09328230970442965
81c7ae93f7b54fa8e4ad95dd,contains_p_companion_edge,present,weak_suppress,strong_favour,neither_prohibit,matching_to_path,0.011345223497018497,0.0016968154894348997,-0.004141241219819625,0.006485264755727305,positive,0.01666922656062697,-0.004980059666241932,"97,1059;97,1069",0.016147311105149997;0.009529710807614666,0.01607580163015121;-0.009458201332615879,0.01666922656062697,-0.005324003063608473,0.01607580163015121,-0.01437898614071631,0.6806088726285676,0.14076447277337958,0.020899397058997467,0.0
2afc3ad7877deda58749d1ba,contains_t_action_edge,absent,weak_suppress,prohibit,exactly_one_prohibit,path_to_matching,0.01609859372866293,0.015784477270179204,0.00598842453409637,0.01593259681504622,positive,0.050821777311209376,0.04963746434465169,"97,1060",0.01753379784781922,0.017515920479069524,0.050821777311209376,-0.034723183582546446,0.04963746434465169,-0.033852987074472485,0.31676565795962797,0.24254631193874215,0.2426189239271604,0.2794175098069877
2afc3ad7877deda58749d1ba,contains_t_action_edge,absent,weak_suppress,prohibit,exactly_one_prohibit,matching_to_path,-0.02019438071186963,0.020265890186868418,0.011217405537767844,-0.020858368366336588,negative,-0.06177609073925361,0.061847600214252285,"97,1060",-0.02512617066572287,0.025197680140721657,0.06177609073925361,-0.04158171002738398,0.061847600214252285,-0.04158171002738387,0.32689638451074354,0.2505593084735864,0.2496116333252344,0.30392140254757594
3f545236ebdaf2a1d6798492,contains_t_action_edge,absent,weak_suppress,strong_suppress,neither_prohibit,path_to_matching,0.009786734627462268,0.009695175829701808,0.0035239507847709406,0.00973201654420719,positive,0.02584733423737426,0.02541477717130372,"97,1061",0.01064498091505836,0.010627103546308664,0.02584733423737426,-0.01606059960991199,0.02541477717130372,-0.015719601341601913,0.37863613081270964,0.1474499220132381,0.1490219211459615,0.16442614369718472
3f545236ebdaf2a1d6798492,contains_t_action_edge,absent,weak_suppress,strong_suppress,neither_prohibit,matching_to_path,-0.012394558958576551,0.012466068433575339,0.006674619414322347,-0.012613431291596866,negative,-0.032102257219683406,0.03217376669468208,"97,1061",-0.015287878665219745,0.015359388140218533,0.032102257219683406,-0.019707698261106854,0.03217376669468208,-0.019707698261106743,0.3860961823885974,0.15378397415626996,0.1535425127717875,0.18084036340151713
191516cd2ca433b952944da4,contains_t_action_edge,absent,weak_suppress,weak_suppress,neither_prohibit,path_to_matching,0.005446269648383545,0.005426458066091627,0.0019292276952089515,0.005444335434841324,positive,0.012743944165477306,0.012690312059228215,"97,1062",0.005912877974148634,0.005895000605398937,0.012743944165477306,-0.007297674517093761,0.012690312059228215,-0.0072638539931365875,0.4273613865271955,0.0820551558293814,0.08340861684525479,0.09001699785589792
191516cd2ca433b952944da4,contains_t_action_edge,absent,weak_suppress,weak_suppress,neither_prohibit,matching_to_path,-0.006948249038189913,0.006884476417360119,0.003629269250439271,-0.006955985892358907,negative,-0.0160834469979797,0.016154956472978377,"97,1062",-0.00849538188968757,0.008566891364686358,0.0160834469979797,-0.009135197959789787,0.016154956472978377,-0.009270480055618258,0.43201243110775367,0.08620955002040993,0.08479496273200027,0.09833045592428334
4bf0a95dddab145aa2fde576,contains_t_action_edge,absent,weak_suppress,weak_favour,neither_prohibit,path_to_matching,-0.005186532528632909,0.005204409897382606,0.0015321157422060472,-0.005500968397999212,negative,-0.00877169945649317,0.008789576825242867,"97,1063",-0.005569924159195577,0.005587801527945274,0.00877169945649317,-0.0035851669278602616,0.008789576825242867,-0.0035851669278602616,0.5912802364419389,0.07814187734487985,0.07999557459937953,0.07148791188497411
4bf0a95dddab145aa2fde576,contains_t_action_edge,absent,weak_suppress,weak_favour,neither_prohibit,matching_to_path,0.006737510818389358,0.004293533338457722,0.0008443554558094091,0.0054797673409241465,positive,0.011482470132427869,0.006009172852343481,"97,1063",0.007885536737091692,0.007814027262092904,0.011482470132427869,-0.0047449593140385105,0.007814027262092904,-0.0035204939236351818,0.5867649330401323,0.08359484133607052,0.05288274334197333,0.022876742176636846
d88c5a3a081886b977ef76f2,contains_t_action_edge,absent,weak_suppress,strong_favour,neither_prohibit,path_to_matching,-0.008745961581761719,0.008763838950511416,0.0019992092564887487,-0.009960951267084461,negative,-0.012793706075550387,0.012811583444300084,"97,1064",-0.00931543515524369,0.009333312523993387,0.012793706075550387,-0.004047744493788669,0.012811583444300084,-0.004047744493788669,0.6836143905537916,0.13176931859814175,0.13470659428558157,0.09328230970442682
d88c5a3a081886b977ef76f2,contains_t_action_edge,absent,weak_suppress,strong_favour,neither_prohibit,matching_to_path,0.011345223497018275,0.0016968154894351217,-0.004141241219819625,0.006485264755727305,positive,0.01666922656062697,-0.004980059666241932,"97,1064",0.01281804190629765,0.012746532431298863,0.01666922656062697,-0.0053240030636086955,0.012746532431298863,-0.011049716941863741,0.6806088726285543,0.140764472773377,0.020899397059000145,0.0
6e7e6cc005c26967f5c55ba0,contains_t_action_edge,present,weak_suppress,prohibit,exactly_one_prohibit,path_to_matching,0.016098593728662902,0.01578447727017923,0.005988424534096343,0.01593259681504622,positive,0.050821777311209376,0.04963746434465169,"97,1065",0.01519464308295368,0.0021508942980678902,0.050821777311209376,-0.034723183582546474,0.04963746434465169,-0.03385298707447246,0.3167656579596274,0.24254631193874182,0.2426189239271608,0.27941750980698715
6e7e6cc005c26967f5c55ba0,contains_t_action_edge,present,weak_suppress,prohibit,exactly_one_prohibit,matching_to_path,-0.02019438071186963,0.020265890186868418,0.011217405537768066,-0.020858368366336588,negative,-0.06177609073925361,0.061847600214252285,"97,1065",-0.016042045101317126,-0.004707525670263446,0.06177609073925361,-0.04158171002738398,0.061847600214252285,-0.04158171002738387,0.32689638451074354,0.2505593084735864,0.2496116333252344,0.3039214025475792
96f31569614f3ba665d0f529,contains_t_action_edge,present,weak_suppress,strong_suppress,neither_prohibit,path_to_matching,0.009786734627462268,0.009695175829701752,0.003523950784770885,0.009732016544207162,positive,0.02584733423737426,0.02541477717130372,"97,1066",0.009135527937956328,0.0010369363090906025,0.02584733423737426,-0.01606059960991199,0.02541477717130372,-0.01571960134160197,0.37863613081270964,0.14744992201323814,0.14902192114596063,0.16442614369718256
96f31569614f3ba665d0f529,contains_t_action_edge,present,weak_suppress,strong_suppress,neither_prohibit,matching_to_path,-0.01239455895857633,0.012466068433575117,0.006674619414322791,-0.012613431291596866,negative,-0.032102257219683406,0.03217376669468208,"97,1066",-0.009819472124355633,-0.003912135915793646,0.032102257219683406,-0.019707698261107076,0.03217376669468208,-0.019707698261106965,0.38609618238859045,0.1537839741562672,0.15354251277178474,0.1808403634015275
9cacc0cca96ae37d33b8f183,contains_t_action_edge,present,weak_suppress,weak_suppress,neither_prohibit,path_to_matching,0.005446269648383489,0.005426458066091572,0.001929227695208896,0.005444335434841269,positive,0.012743944165477306,0.012690312059228215,"97,1067",0.005046538880720791,0.000454049204730661,0.012743944165477306,-0.007297674517093816,0.012690312059228215,-0.007263853993136643,0.42736138652719113,0.0820551558293806,0.08340861684525393,0.09001699785589556
9cacc0cca96ae37d33b8f183,contains_t_action_edge,present,weak_suppress,weak_suppress,neither_prohibit,matching_to_path,-0.006948249038189802,0.006884476417360119,0.003629269250438605,-0.006955985892358907,negative,-0.0160834469979797,0.016154956472978377,"97,1067",-0.005507661652877416,-0.0027096873227158147,0.0160834469979797,-0.009135197959789898,0.016154956472978377,-0.009270480055618258,0.4320124311077468,0.08620955002040855,0.08479496273200027,0.0983304559242644
5d4dd929c82841f553cc7e94,contains_t_action_edge,present,weak_suppress,weak_favour,neither_prohibit,path_to_matching,-0.005186532528632853,0.00520440989738255,0.001532115742206075,-0.005500968397999212,negative,-0.00877169945649317,0.008789576825242867,"97,1068",-0.004735119428940449,0.00013917135725016738,0.00877169945649317,-0.003585166927860317,0.008789576825242867,-0.003585166927860317,0.5912802364419326,0.07814187734487904,0.07999557459937867,0.07148791188497558
5d4dd929c82841f553cc7e94,contains_t_action_edge,present,weak_suppress,weak_favour,neither_prohibit,matching_to_path,0.0067375108183898025,0.004293533338457722,0.0008443554558086319,0.005479767340924369,positive,0.011482470132427869,0.006009172852343481,"97,1068",0.005469812751191183,-0.0053983032761923955,0.011482470132427869,-0.004744959314038066,0.006009172852343481,-0.0017156395138857583,0.5867649330401711,0.08359484133607603,0.05288274334197333,0.022876742176615585
4339adc7cee052575bee7a14,contains_t_action_edge,present,weak_suppress,strong_favour,neither_prohibit,path_to_matching,-0.008745961581761663,0.00876383895051136,0.0019992092564887487,-0.009960951267084461,negative,-0.012793706075550387,0.012811583444300084,"97,1069",-0.00798296296301354,8.668364571545739e-05,0.012793706075550387,-0.004047744493788724,0.012811583444300084,-0.004047744493788724,0.6836143905537873,0.13176931859814098,0.13470659428558074,0.09328230970442707
4339adc7cee052575bee7a14,contains_t_action_edge,present,weak_suppress,strong_favour,neither_prohibit,matching_to_path,0.011345223497018608,0.0016968154894350107,-0.004141241219820069,0.006485264755727416,positive,0.01666922656062697,-0.004980059666241932,"97,1069",0.009529710807614666,-0.009458201332615879,0.01666922656062697,-0.005324003063608362,-0.004980059666241932,0.006676875155676942,0.6806088726285743,0.14076447277338114,0.020899397058998778,0.0
427523b65ed96acc03b623a2,contains_p_companion_edge,absent,weak_favour,prohibit,exactly_one_prohibit,path_to_matching,-0.010758088611346223,0.010906208156213182,0.00623619600455963,-0.011581431631848882,negative,-0.029313511382297458,0.029896729181201454,"98,1050;98,1060",-0.004882637963794123;-0.012139289858518115,0.005557861439429823;0.0007070317924994518,0.029313511382297458,-0.018555422770951235,0.029896729181201454,-0.01899052102498827,0.36700102116879363,0.16208463671869597,0.16763637095446346,0.2909784281894231
427523b65ed96acc03b623a2,contains_p_companion_edge,absent,weak_favour,prohibit,exactly_one_prohibit,matching_to_path,0.013864178634121593,0.007869912649568045,0.0062694248482561,0.010570806552110845,positive,0.03561173164038478,0.02787707263968331,"98,1050;98,1060",0.0037447794115899047;0.01805259488153288,0.0010438855090471044;-0.006769754491412927,0.03561173164038478,-0.021747553006263187,0.02787707263968331,-0.020007159990115264,0.38931492504001675,0.17201810051436667,0.09693241858472539,0.16986212958364386
03e66efcffab0041cd806b54,contains_p_companion_edge,absent,weak_favour,strong_suppress,neither_prohibit,path_to_matching,-0.006810490226405397,0.0068473309409107785,0.0038287404884209952,-0.007522554416546479,negative,-0.01659072278761231,0.01679806263627273,"98,1051;98,1061",-0.002866868813373613;-0.00771226213941964,0.003542092289009313;0.0005156692301053478,0.01659072278761231,-0.009780232561206914,0.01679806263627273,-0.009950731695361953,0.4104999109195256,0.10260891819192905,0.1052484688736265,0.1786475101891247
03e66efcffab0041cd806b54,contains_p_companion_edge,absent,weak_favour,strong_suppress,neither_prohibit,matching_to_path,0.0089578851395552,0.003408734476448072,0.004532559597799635,0.006109628378990872,positive,0.02102339694247235,0.014792249742745067,"98,1051;98,1061",0.002248219885420788;0.011621853546931238,-0.0004526740171220123;-0.004965539736468516,0.02102339694247235,-0.01206551180291715,0.014792249742745067,-0.011383515266296995,0.4260912336891715,0.11114386412619873,0.04198482141137676,0.12280396437979284
d45e39cfbd1490be3fffea6a,contains_p_companion_edge,absent,weak_favour,weak_suppress,neither_prohibit,path_to_matching,-0.0039105052125699424,0.0038945620573625217,0.002136229809847845,-0.004569785532998222,negative,-0.00877169945649317,0.008789576825242867,"98,1052;98,1062",-0.0015526055451648424;-0.004437697780499933,0.0022278290208005425;0.00047169953220763117,0.00877169945649317,-0.004861194243923228,0.008789576825242867,-0.004895014767880346,0.44580930205893304,0.05891686150432728,0.05986225830297095,0.09967563429155082
d45e39cfbd1490be3fffea6a,contains_p_companion_edge,absent,weak_favour,weak_suppress,neither_prohibit,matching_to_path,0.005228484975197123,-0.0001095302090586836,0.002964299856653807,0.0025913636934841167,positive,0.011482470132427869,0.006009172852343481,"98,1052;98,1062",0.0012396073921203676;0.006752997582302411,-0.0014612865104224326;-0.0037840868286722618,0.011482470132427869,-0.006253985157230746,0.006009172852343481,-0.006118703061402164,0.45534496627439563,0.06487178777311668,0.0,0.08031395200721887
16e30fbf392e74f2372af6a2,contains_p_companion_edge,absent,weak_favour,weak_favour,neither_prohibit,path_to_matching,0.004113791588234911,0.002466786136346849,0.0014238775600660392,0.003142009611982549,positive,0.007210946091428749,0.005185275664521649,"98,1053;98,1063",0.0013737948447938297;0.004676842100397954,0.0006985713691581297;-0.0016337324188393232,0.007210946091428749,-0.0030971545031938386,0.005185275664521649,-0.0027184895281748,0.5704926283008476,0.06197963590040038,0.037916301421625366,0.06643756130488462
16e30fbf392e74f2372af6a2,contains_p_companion_edge,absent,weak_favour,weak_favour,neither_prohibit,matching_to_path,-0.005780030979651407,0.006966264982118053,0.0036913256976139897,-0.009667158884660854,negative,-0.010322756476803363,0.013023650379346163,"98,1053;98,1063",-0.0011510455256257268;-0.007252647625070052,0.003851939428168527;0.003392750635846653,0.010322756476803363,-0.004542725497151956,0.013023650379346163,-0.00605738539722811,0.5599309634630946,0.07171502735739411,0.08580233902035042,0.10001179680109774
08ee235a386b977d57af83c4,contains_p_companion_edge,absent,weak_favour,strong_favour,neither_prohibit,path_to_matching,0.007301315832489136,0.004231867723707233,0.00035318898489483663,0.0054289800402803345,positive,0.01132970398646746,0.005260036322864231,"98,1054;98,1064",0.002297593114880425;0.008277936890505488,0.001622369639244725;-0.003908602454877841,0.01132970398646746,-0.004028388153978324,0.005260036322864231,-0.0010281685991569978,0.644440123167388,0.11000384613204772,0.06504689232044947,0.016479657727784106
08ee235a386b977d57af83c4,contains_p_companion_edge,absent,weak_favour,strong_favour,neither_prohibit,matching_to_path,-0.010394540879456682,0.013095434781999482,0.006024936121784563,-0.017883884048291887,negative,-0.016498485532043583,0.019199379434586383,"98,1054;98,1064",-0.0019116677351974642;-0.012681038231429076,0.0046125616377402645;0.008689574089525198,0.016498485532043583,-0.006103944652586901,0.019199379434586383,-0.006103944652586901,0.6300300024064792,0.1289689944849993,0.16129431448104037,0.1632380170465584
92d04fa04c88c1cef7500bd2,contains_p_companion_edge,present,weak_favour,prohibit,exactly_one_prohibit,path_to_matching,-0.010758088611346223,0.010906208156213182,0.006236196004559519,-0.011581431631848882,negative,-0.029313511382297458,0.029896729181201454,"98,1055;98,1065",-0.018796135933516728;-0.009750826657821066,-0.019471359409152428;0.010426050133456766,0.029313511382297458,-0.018555422770951235,0.029896729181201454,-0.01899052102498827,0.36700102116879363,0.16208463671869597,0.16763637095446346,0.29097842818941827
92d04fa04c88c1cef7500bd2,contains_p_companion_edge,present,weak_favour,prohibit,exactly_one_prohibit,matching_to_path,0.013864178634121482,0.007869912649568045,0.006269424848256655,0.010570806552110845,positive,0.03561173164038478,0.02787707263968331,"98,1055;98,1065",0.029183770794758424;0.010256770892737466,-0.026482876892215623;0.007555876990194665,0.03561173164038478,-0.021747553006263298,0.02787707263968331,-0.020007159990115264,0.38931492504001364,0.17201810051436506,0.09693241858472539,0.1698621295836584
ddd6e3d4f8312aa03d49d474,contains_p_companion_edge,present,weak_favour,strong_suppress,neither_prohibit,path_to_matching,-0.0068104902264054246,0.006847330940910834,0.0038287404884209952,-0.007522554416546534,negative,-0.01659072278761231,0.01679806263627273,"98,1056;98,1066",-0.011578445380505786;-0.006063368897905846,-0.012253668856141486;0.0067385923735415465,0.01659072278761231,-0.009780232561206886,0.01679806263627273,-0.009950731695361897,0.41049991091952726,0.10260891819192947,0.10524846887362735,0.17864751018912495
ddd6e3d4f8312aa03d49d474,contains_p_companion_edge,present,weak_favour,strong_suppress,neither_prohibit,matching_to_path,0.00895788513955531,0.003408734476447961,0.004532559597799968,0.006109628378990761,positive,0.02102339694247235,0.014792249742745067,"98,1056;98,1066",0.017802046138054806;0.006545379120112216,-0.015101152235512005;0.0038444852175694155,0.02102339694247235,-0.01206551180291704,0.014792249742745067,-0.011383515266297106,0.4260912336891768,0.11114386412619996,0.04198482141137539,0.1228039643798015
e25f72fc44550ab5fda760f7,contains_p_companion_edge,present,weak_favour,weak_suppress,neither_prohibit,path_to_matching,-0.003910505212569998,0.0038945620573625217,0.002136229809847928,-0.004569785532998222,negative,-0.00877169945649317,0.008789576825242867,"98,1057;98,1067",-0.006528147192226497;-0.0034358874826385666,-0.007203370667862197;0.004111110958274267,0.00877169945649317,-0.0048611942439231726,0.008789576825242867,-0.004895014767880346,0.44580930205893937,0.05891686150432812,0.05986225830297095,0.09967563429155483
e25f72fc44550ab5fda760f7,contains_p_companion_edge,present,weak_favour,weak_suppress,neither_prohibit,matching_to_path,0.005228484975197234,-0.00010953020905846156,0.00296429985665414,0.0025913636934843387,positive,0.011482470132427869,0.006009172852343481,"98,1057;98,1067",0.009937433564365272;0.003792326015708558,-0.007236539661822472;0.0010914321131657578,0.011482470132427869,-0.006253985157230635,0.006009172852343481,-0.006118703061401942,0.4553449662744053,0.06487178777311797,0.0,0.08031395200722766
9ea012b4adc2caa40ace4a2c,contains_p_companion_edge,present,weak_favour,weak_favour,neither_prohibit,path_to_matching,0.0041137915882349385,0.002466786136346877,0.0014238775600660392,0.003142009611982577,positive,0.007210946091428749,0.005185275664521649,"98,1058;98,1068",0.006624803703754123;0.0034840344789121014,-0.005949580228118423;0.0028088110032764013,0.007210946091428749,-0.003097154503193811,0.005185275664521649,-0.0027184895281747723,0.5704926283008513,0.061979635900400794,0.037916301421625796,0.0664375613048847
9ea012b4adc2caa40ace4a2c,contains_p_companion_edge,present,weak_favour,weak_favour,neither_prohibit,matching_to_path,-0.005780030979651407,0.006966264982118053,0.0036913256976138786,-0.009667158884660854,negative,-0.010322756476803363,0.013023650379346163,"98,1058;98,1068",-0.00953080041202048;-0.004188837867869166,-0.01223169431456328;0.0068897317704119665,0.010322756476803363,-0.004542725497151956,0.013023650379346163,-0.00605738539722811,0.5599309634630946,0.07171502735739402,0.08580233902035042,0.10001179680109443
b9c4d317b759a0bf1d764523,contains_p_companion_edge,present,weak_favour,strong_favour,neither_prohibit,path_to_matching,0.007301315832489136,0.004231867723707289,0.00035318898489483663,0.005428980040280362,positive,0.01132970398646746,0.005260036322864231,"98,1059;98,1069",0.011741310859483822;0.006095096090418972,-0.011066087383848122;0.005419872614783272,0.011741310859483822,-0.004439995026994686,0.005419872614783272,-0.0011880048910759833,0.6218484392304149,0.11000384613204772,0.06504689232045033,0.016479657727784126
b9c4d317b759a0bf1d764523,contains_p_companion_edge,present,weak_favour,strong_favour,neither_prohibit,matching_to_path,-0.01039454087945657,0.013095434781999371,0.00602493612178423,-0.017883884048291776,negative,-0.016498485532043583,0.019199379434586383,"98,1059;98,1069",-0.015960299251777665;-0.007730572562973603,-0.018661193154320466;0.010431466465516404,0.016498485532043583,-0.006103944652587012,0.019199379434586383,-0.006103944652587012,0.6300300024064726,0.12896899448499774,0.16129431448103898,0.1632380170465489
9cbe1f1728a60d805d115599,contains_t_action_edge,absent,weak_favour,prohibit,exactly_one_prohibit,path_to_matching,-0.01075808861134614,0.010906208156213154,0.006236196004559547,-0.011581431631848854,negative,-0.029313511382297458,0.029896729181201454,"98,1060",-0.012139289858518115,0.0007070317924994518,0.029313511382297458,-0.01855542277095132,0.029896729181201454,-0.0189905210249883,0.3670010211687908,0.16208463671869483,0.16763637095446332,0.2909784281894188
9cbe1f1728a60d805d115599,contains_t_action_edge,absent,weak_favour,prohibit,exactly_one_prohibit,matching_to_path,0.013864178634121815,0.007869912649568045,0.006269424848256322,0.010570806552110845,positive,0.03561173164038478,0.02787707263968331,"98,1060",0.01805259488153288,-0.006769754491412927,0.03561173164038478,-0.021747553006262965,0.02787707263968331,-0.020007159990115264,0.38931492504002296,0.17201810051436944,0.09693241858472512,0.1698621295836509
ea710f2383c59f494403157f,contains_t_action_edge,absent,weak_favour,strong_suppress,neither_prohibit,path_to_matching,-0.0068104902264054246,0.006847330940910806,0.003828740488420912,-0.007522554416546506,negative,-0.01659072278761231,0.01679806263627273,"98,1061",-0.00771226213941964,0.0005156692301053478,0.01659072278761231,-0.009780232561206886,0.01679806263627273,-0.009950731695361925,0.41049991091952726,0.10260891819192955,0.1052484688736271,0.1786475101891206
ea710f2383c59f494403157f,contains_t_action_edge,absent,weak_favour,strong_suppress,neither_prohibit,matching_to_path,0.008957885139555088,0.003408734476447961,0.004532559597799635,0.006109628378990761,positive,0.02102339694247235,0.014792249742745067,"98,1061",0.011621853546931238,-0.004965539736468516,0.02102339694247235,-0.012065511802917261,0.014792249742745067,-0.011383515266297106,0.42609123368916624,0.11114386412619735,0.04198482141137528,0.12280396437979359
40b1f4cf5996efc3c475c8da,contains_t_action_edge,absent,weak_favour,weak_suppress,neither_prohibit,path_to_matching,-0.003910505212570026,0.0038945620573625495,0.0021362298098478727,-0.0045697855329982495,negative,-0.00877169945649317,0.008789576825242867,"98,1062",-0.004437697780499933,0.00047169953220763117,0.00877169945649317,-0.004861194243923145,0.008789576825242867,-0.004895014767880318,0.44580930205894254,0.05891686150432859,0.059862258302971476,0.09967563429155199
40b1f4cf5996efc3c475c8da,contains_t_action_edge,absent,weak_favour,weak_suppress,neither_prohibit,matching_to_path,0.005228484975197234,-0.00010953020905857258,0.002964299856654584,0.0025913636934842277,positive,0.011482470132427869,0.006009172852343481,"98,1062",0.006752997582302411,-0.0037840868286722618,0.011482470132427869,-0.006253985157230635,0.006009172852343481,-0.006118703061402053,0.4553449662744053,0.06487178777311806,0.0,0.08031395200724041
72fb0dd6436edb2c4dec3589,contains_t_action_edge,absent,weak_favour,weak_favour,neither_prohibit,path_to_matching,0.004113791588234911,0.0024667861363469046,0.0014238775600661502,0.0031420096119826046,positive,0.007210946091428749,0.005185275664521649,"98,1063",0.004676842100397954,-0.0016337324188393232,0.007210946091428749,-0.0030971545031938386,0.005185275664521649,-0.0027184895281747445,0.5704926283008476,0.06197963590040043,0.03791630142162628,0.06643756130488972
72fb0dd6436edb2c4dec3589,contains_t_action_edge,absent,weak_favour,weak_favour,neither_prohibit,matching_to_path,-0.005780030979651629,0.006966264982118053,0.0036913256976143227,-0.009667158884660854,negative,-0.010322756476803363,0.013023650379346163,"98,1063",-0.007252647625070052,0.003392750635846653,0.010322756476803363,-0.004542725497151734,0.013023650379346163,-0.00605738539722811,0.5599309634631161,0.07171502735739688,0.08580233902035019,0.10001179680110736
cabbf5e671d6f78d036341fe,contains_t_action_edge,absent,weak_favour,strong_favour,neither_prohibit,path_to_matching,0.007301315832489108,0.0042318677237073166,0.0003531889848947811,0.005428980040280362,positive,0.01132970398646746,0.005260036322864231,"98,1064",0.008277936890505488,-0.003908602454877841,0.01132970398646746,-0.004028388153978352,0.005260036322864231,-0.0010281685991569145,0.6444401231673855,0.11000384613204739,0.06504689232045086,0.016479657727781493
cabbf5e671d6f78d036341fe,contains_t_action_edge,absent,weak_favour,strong_favour,neither_prohibit,matching_to_path,-0.010394540879456793,0.013095434781999593,0.006024936121784785,-0.017883884048291776,negative,-0.016498485532043583,0.019199379434586383,"98,1064",-0.012681038231429076,0.008689574089525198,0.016498485532043583,-0.00610394465258679,0.019199379434586383,-0.00610394465258679,0.630030002406486,0.12896899448500068,0.16129431448104128,0.1632380170465654
98ea67e68b2c1e4927eb1e6d,contains_t_action_edge,present,weak_favour,prohibit,exactly_one_prohibit,path_to_matching,-0.010758088611346195,0.010906208156213182,0.006236196004559574,-0.011581431631848882,negative,-0.029313511382297458,0.029896729181201454,"98,1065",-0.009750826657821066,0.010426050133456766,0.029313511382297458,-0.018555422770951263,0.029896729181201454,-0.01899052102498827,0.3670010211687927,0.16208463671869575,0.16763637095446374,0.2909784281894209
98ea67e68b2c1e4927eb1e6d,contains_t_action_edge,present,weak_favour,prohibit,exactly_one_prohibit,matching_to_path,0.013864178634121704,0.007869912649567934,0.006269424848256322,0.010570806552110734,positive,0.03561173164038478,0.02787707263968331,"98,1065",0.010256770892737466,0.007555876990194665,0.03561173164038478,-0.021747553006263076,0.02787707263968331,-0.020007159990115375,0.38931492504001985,0.17201810051436806,0.09693241858472375,0.16986212958364935
f1e8c8cbb75bdce491bb2320,contains_t_action_edge,present,weak_favour,strong_suppress,neither_prohibit,path_to_matching,-0.006810490226405397,0.006847330940910806,0.003828740488421023,-0.007522554416546506,negative,-0.01659072278761231,0.01679806263627273,"98,1066",-0.006063368897905846,0.0067385923735415465,0.01659072278761231,-0.009780232561206914,0.01679806263627273,-0.009950731695361925,0.4104999109195256,0.10260891819192917,0.1052484688736271,0.17864751018912622
f1e8c8cbb75bdce491bb2320,contains_t_action_edge,present,weak_favour,strong_suppress,neither_prohibit,matching_to_path,0.008957885139555088,0.003408734476447739,0.004532559597799857,0.006109628378990539,positive,0.02102339694247235,0.014792249742745067,"98,1066",0.006545379120112216,0.0038444852175694155,0.02102339694247235,-0.012065511802917261,0.014792249742745067,-0.011383515266297328,0.42609123368916624,0.11114386412619735,0.041984821411372546,0.12280396437979849
d787e44590db56f6902c0a64,contains_t_action_edge,present,weak_favour,weak_suppress,neither_prohibit,path_to_matching,-0.003910505212570026,0.0038945620573625495,0.0021362298098478727,-0.0045697855329982495,negative,-0.00877169945649317,0.008789576825242867,"98,1067",-0.0034358874826385666,0.004111110958274267,0.00877169945649317,-0.004861194243923145,0.008789576825242867,-0.004895014767880318,0.44580930205894254,0.058916861504328615,0.059862258302971476,0.09967563429155225
d787e44590db56f6902c0a64,contains_t_action_edge,present,weak_favour,weak_suppress,neither_prohibit,matching_to_path,0.005228484975197345,-0.00010953020905857258,0.002964299856654251,0.0025913636934842277,positive,0.011482470132427869,0.006009172852343481,"98,1067",0.003792326015708558,0.0010914321131657578,0.011482470132427869,-0.006253985157230524,0.006009172852343481,-0.006118703061402053,0.45534496627441495,0.06487178777311943,0.0,0.08031395200723067
f8b5191a9bdad230db338cf7,contains_t_action_edge,present,weak_favour,weak_favour,neither_prohibit,path_to_matching,0.0041137915882349385,0.002466786136346877,0.001423877560065956,0.003142009611982577,positive,0.007210946091428749,0.005185275664521649,"98,1068",0.0034840344789121014,0.0028088110032764013,0.007210946091428749,-0.003097154503193811,0.005185275664521649,-0.0027184895281747723,0.5704926283008513,0.06197963590040088,0.03791630142162586,0.06643756130488082
f8b5191a9bdad230db338cf7,contains_t_action_edge,present,weak_favour,weak_favour,neither_prohibit,matching_to_path,-0.005780030979651407,0.006966264982118053,0.0036913256976139897,-0.009667158884660854,negative,-0.010322756476803363,0.013023650379346163,"98,1068",-0.004188837867869166,0.0068897317704119665,0.010322756476803363,-0.004542725497151956,0.013023650379346163,-0.00605738539722811,0.5599309634630946,0.07171502735739411,0.08580233902035019,0.10001179680109744
19234f9454ec4afa217b9a44,contains_t_action_edge,present,weak_favour,strong_favour,neither_prohibit,path_to_matching,0.007301315832489108,0.0042318677237072055,0.00035318898489483663,0.005428980040280307,positive,0.01132970398646746,0.005260036322864231,"98,1069",0.006095096090418972,0.005419872614783272,0.01132970398646746,-0.004028388153978352,0.005419872614783272,-0.0011880048910760665,0.6444401231673855,0.11000384613204743,0.06504689232044915,0.016479657727784126
19234f9454ec4afa217b9a44,contains_t_action_edge,present,weak_favour,strong_favour,neither_prohibit,matching_to_path,-0.01039454087945657,0.013095434781999371,0.006024936121784452,-0.017883884048291776,negative,-0.016498485532043583,0.019199379434586383,"98,1069",-0.007730572562973603,0.010431466465516404,0.016498485532043583,-0.006103944652587012,0.019199379434586383,-0.006103944652587012,0.6300300024064726,0.12896899448499793,0.16129431448103856,0.1632380170465549
6b93dd02a54d71fe9c908851,contains_p_companion_edge,absent,strong_favour,prohibit,exactly_one_prohibit,path_to_matching,-0.015509761162527058,0.015657880707394017,0.010358361282250095,-0.018355102801377754,negative,-0.040605669900078606,0.0411888876989826,"99,1050;99,1060",-0.008781407805654146;-0.018070504779866076,0.011478629899637882;0.008660245332195449,0.040605669900078606,-0.025095908737551548,0.0411888876989826,-0.025531006991588584,0.3819604799204909,0.23367478131483427,0.2406730424570243,0.48331702248030095
6b93dd02a54d71fe9c908851,contains_p_companion_edge,absent,strong_favour,prohibit,exactly_one_prohibit,matching_to_path,0.01979249377725678,-0.0023777611540808374,0.0120283014409992,0.008411127221853998,positive,0.04831765108316244,0.024407003135676453,"99,1050;99,1060",0.006152632550224579;0.026557826421745867,-0.004636255825710256;-0.006352517424591975,0.04831765108316244,-0.028525157305905657,0.024407003135676453,-0.02678476428975729,0.4096327808483637,0.24557294549182984,0.0,0.32589160050470317
a19a2bce781211c2ed9b59e4,contains_p_companion_edge,absent,strong_favour,strong_suppress,neither_prohibit,path_to_matching,-0.009957279484442444,0.009994120198947826,0.0065172455328014745,-0.012691342292931562,negative,-0.02366281794272787,0.02387015779138829,"99,1051;99,1061",-0.00502670280437989;-0.011654881996617406,0.007723924898363627;0.00648028770565115,0.02366281794272787,-0.013705538458285427,0.02387015779138829,-0.013876037592440466,0.4207985502209616,0.15001940272551986,0.1536169140582434,0.3040920875278078
a19a2bce781211c2ed9b59e4,contains_p_companion_edge,absent,strong_favour,strong_suppress,neither_prohibit,matching_to_path,0.013032851193231165,-0.008692288416660032,0.008478152825514118,0.002096599959274803,positive,0.02963576930529055,0.007228633158778752,"99,1051;99,1061",0.003570092966096672;0.017427922228397064,-0.0072187954098381635;-0.010484672537968587,0.02963576930529055,-0.016602918112059384,0.007228633158778752,-0.015920921575438785,0.4397676017441718,0.16170350698082042,0.0,0.22970481802297985
00c2b7590e716827114f9bf4,contains_p_companion_edge,absent,strong_favour,weak_suppress,neither_prohibit,path_to_matching,-0.0057849972418900775,0.005769054086682657,0.0037160179793793158,-0.008466276180666393,negative,-0.012793706075550387,0.012811583444300084,"99,1052;99,1062",-0.0026695163830883495;-0.006792518858545871,0.005366738477072086;0.00447190799658187,0.012793706075550387,-0.00700870883366031,0.012811583444300084,-0.0070425293576174275,0.4521752499024178,0.08715852882839162,0.08867456746463673,0.17338792269724115
00c2b7590e716827114f9bf4,contains_p_companion_edge,absent,strong_favour,weak_suppress,neither_prohibit,matching_to_path,0.007728431263810065,-0.007792203884639859,0.005374762013039214,-0.0029966844912949764,positive,0.01666922656062697,-0.004980059666241932,"99,1052;99,1062",0.0019131773294958077;0.010293049961378697,-0.008875711046439028;-0.006374954707162761,0.01666922656062697,-0.008940795296816906,-0.004980059666241932,-0.0028121442183979273,0.46363466449395835,0.09588956555165475,0.0,0.14562237264779787
1b010158f50e3758f75cb4e8,contains_p_companion_edge,absent,strong_favour,weak_favour,neither_prohibit,path_to_matching,0.006362232273066065,0.0006712295844819305,0.0032058322087477886,0.003368451678465667,positive,0.01132970398646746,0.005260036322864231,"99,1053;99,1063",0.00223227379249899;0.007515171422715072,-0.00046494830148474664;-0.0008174017148702417,0.01132970398646746,-0.004967471713401395,0.005260036322864231,-0.004588806738382301,0.5615532657044975,0.09585532746144891,0.010317288099413367,0.14958285731532742
1b010158f50e3758f75cb4e8,contains_p_companion_edge,absent,strong_favour,weak_favour,neither_prohibit,matching_to_path,-0.00905884981182059,0.010245083814287237,0.006745228360971689,-0.021033972190222072,negative,-0.016498485532043583,0.019199379434586383,"99,1053;99,1063",-0.0015831248953757093;-0.011760907736487969,0.012372013271310545;0.008480512290604869,0.016498485532043583,-0.007439635720222992,0.019199379434586383,-0.008954295620299146,0.5490715977673447,0.11239657094717144,0.12618701082744452,0.18275342342469364
0a9c3b2f71e32d77c9eb44d3,contains_p_companion_edge,absent,strong_favour,strong_favour,neither_prohibit,path_to_matching,0.011620482277819116,0.005028925773278542,0.003601740560278399,0.0077261478672622785,positive,0.01857853543294527,0.010486869150994005,"99,1054;99,1064",0.003674499770951356;0.013719752289585635,0.0009772776769676195;-0.0004887856741457308,0.01857853543294527,-0.006958053155126154,0.010486869150994005,-0.005457943377715463,0.6254789200020872,0.17507772212527467,0.07729825566840254,0.16805578371969523
0a9c3b2f71e32d77c9eb44d3,contains_p_companion_edge,absent,strong_favour,strong_favour,neither_prohibit,matching_to_path,-0.016866149625888394,0.0216545988921808,0.011752285007870067,-0.032443487268115634,negative,-0.02774451591063254,0.038533404286567374,"99,1054;99,1064",-0.0023866322313133015;-0.02134956121030196,0.013175520607248137;0.01800338218807862,0.02774451591063254,-0.010878366284744145,0.038533404286567374,-0.016878805394386576,0.6079093136898011,0.2092646883888219,0.2667161298437549,0.31841328466773494
b351c85bc800c0638ab2fb20,contains_p_companion_edge,present,strong_favour,prohibit,exactly_one_prohibit,path_to_matching,-0.01550976116252703,0.01565788070739399,0.010358361282250123,-0.018355102801377726,negative,-0.040605669900078606,0.0411888876989826,"99,1055;99,1065",-0.02552368931816204;-0.013498841820479723,-0.02409341282003785;0.01619606391446346,0.040605669900078606,-0.025095908737551575,0.0411888876989826,-0.025531006991588612,0.38196047992049026,0.23367478131483385,0.2406730424570239,0.4833170224803029
b351c85bc800c0638ab2fb20,contains_p_companion_edge,present,strong_favour,prohibit,exactly_one_prohibit,matching_to_path,0.01979249377725667,-0.0023777611540808374,0.012028301440999423,0.008411127221853998,positive,0.04831765108316244,0.024407003135676453,"99,1055;99,1065",0.04079397760119674;0.013915794797337622,-0.030005089225261905;0.002748558168757631,0.04831765108316244,-0.02852515730590577,0.024407003135676453,-0.02678476428975729,0.40963278084836136,0.24557294549182812,0.0,0.3258916005047082
ee4d328ff49ddcb1e8505358,contains_p_companion_edge,present,strong_favour,strong_suppress,neither_prohibit,path_to_matching,-0.009957279484442472,0.009994120198947881,0.006517245532801502,-0.012691342292931618,negative,-0.02366281794272787,0.02387015779138829,"99,1056;99,1066",-0.016122356684436984;-0.00849282879908389,-0.014390958228702677;0.011190050893067627,0.02366281794272787,-0.013705538458285399,0.02387015779138829,-0.01387603759244041,0.42079855022096274,0.15001940272552028,0.15361691405824426,0.3040920875278095
ee4d328ff49ddcb1e8505358,contains_p_companion_edge,present,strong_favour,strong_suppress,neither_prohibit,matching_to_path,0.013032851193231387,-0.008692288416660032,0.008478152825514451,0.002096599959274803,positive,0.02963576930529055,0.007228633158778752,"99,1056;99,1066",0.02556086692277404;0.009027672802150999,-0.014771978546839204;-0.005648545192144638,0.02963576930529055,-0.016602918112059162,0.007228633158778752,-0.015920921575438785,0.4397676017441793,0.16170350698082295,0.0,0.22970481802298817
6d166bed6f815cd0920d6b27,contains_p_companion_edge,present,strong_favour,weak_suppress,neither_prohibit,path_to_matching,-0.005784997241890161,0.0057690540866826845,0.0037160179793794823,-0.008466276180666421,negative,-0.012793706075550387,0.012811583444300084,"99,1057;99,1067",-0.009283541575802273;-0.004858527761450043,-0.007236528919728369;0.00714583391507026,0.012793706075550387,-0.007008708833660227,0.012811583444300084,-0.0070425293576174,0.4521752499024243,0.08715852882839288,0.08867456746463716,0.17338792269724915
6d166bed6f815cd0920d6b27,contains_p_companion_edge,present,strong_favour,weak_suppress,neither_prohibit,matching_to_path,0.007728431263810065,-0.00779220388463997,0.005374762013039547,-0.0029966844912948654,positive,0.01666922656062697,-0.004980059666241932,"99,1057;99,1067",0.014591253010525884;0.005302323967446565,-0.003802364634591049;-0.009446753192742574,0.01666922656062697,-0.008940795296816906,-0.003802364634591049,-0.003989839250048921,0.46363466449395835,0.0958895655516546,0.0,0.14562237264780648
670b8aa0feb824880afaec52,contains_p_companion_edge,present,strong_favour,weak_favour,neither_prohibit,path_to_matching,0.006362232273066093,0.0006712295844819582,0.0032058322087477886,0.003368451678465695,positive,0.01132970398646746,0.005260036322864231,"99,1058;99,1068",0.010192129044554826;0.005095317833681362,-0.00749490695057109;0.002007786365933878,0.01132970398646746,-0.004967471713401367,0.005260036322864231,-0.004588806738382273,0.5615532657044999,0.09585532746144934,0.010317288099413794,0.1495828573153276
670b8aa0feb824880afaec52,contains_p_companion_edge,present,strong_favour,weak_favour,neither_prohibit,matching_to_path,-0.00905884981182048,0.010245083814287126,0.006745228360971578,-0.02103397219022196,negative,-0.016498485532043583,0.019199379434586383,"99,1058;99,1068",-0.015182799674127168;-0.006163559516365824,-0.0044054181876851395;0.011566875071140403,0.016498485532043583,-0.007439635720223103,0.019199379434586383,-0.008954295620299257,0.549071597767338,0.1123965709471699,0.12618701082744313,0.1827534234246901
2a9b28c2ac4eb25751aa3609,contains_p_companion_edge,present,strong_favour,strong_favour,neither_prohibit,path_to_matching,0.011620482277819144,0.0050289257732785975,0.003601740560278427,0.007726147867262334,positive,0.01857853543294527,0.010486869150994005,"99,1059;99,1069",0.01898538387859619;0.009091914879503393,-0.016288161784612454;0.006394692785519657,0.01898538387859619,-0.007364901600777046,0.010486869150994005,-0.005457943377715407,0.612075181209261,0.1750777221252751,0.0772982556684034,0.16805578371969673
2a9b28c2ac4eb25751aa3609,contains_p_companion_edge,present,strong_favour,strong_favour,neither_prohibit,matching_to_path,-0.016866149625888283,0.021654598892180688,0.011752285007869845,-0.03244348726811552,negative,-0.02774451591063254,0.038533404286567374,"99,1059;99,1069",-0.02666593143002549;-0.011760346318115622,-0.014571020715538507;0.022549234694050457,0.02774451591063254,-0.010878366284744256,0.038533404286567374,-0.016878805394386687,0.6079093136897971,0.20926468838882023,0.26671612984375354,0.31841328466772795
5d1f5bdf01386ab8e1b99ee3,contains_t_action_edge,absent,strong_favour,prohibit,exactly_one_prohibit,path_to_matching,-0.015509761162526975,0.01565788070739399,0.01035836128225015,-0.018355102801377726,negative,-0.040605669900078606,0.0411888876989826,"99,1060",-0.018070504779866076,0.008660245332195449,0.040605669900078606,-0.02509590873755163,0.0411888876989826,-0.025531006991588612,0.3819604799204889,0.2336747813148332,0.2406730424570243,0.48331702248030295
5d1f5bdf01386ab8e1b99ee3,contains_t_action_edge,absent,strong_favour,prohibit,exactly_one_prohibit,matching_to_path,0.019792493777256892,-0.0023777611540809485,0.01202830144099909,0.008411127221853887,positive,0.04831765108316244,0.024407003135676453,"99,1060",0.026557826421745867,-0.006352517424591975,0.04831765108316244,-0.028525157305905546,0.024407003135676453,-0.0267847642897574,0.40963278084836596,0.24557294549183123,0.0,0.3258916005047022
7f4553400080fdaa02e53538,contains_t_action_edge,absent,strong_favour,strong_suppress,neither_prohibit,path_to_matching,-0.009957279484442472,0.009994120198947853,0.006517245532801447,-0.01269134229293159,negative,-0.02366281794272787,0.02387015779138829,"99,1061",-0.011654881996617406,0.00648028770565115,0.02366281794272787,-0.013705538458285399,0.02387015779138829,-0.013876037592440438,0.42079855022096274,0.15001940272552042,0.1536169140582441,0.3040920875278061
7f4553400080fdaa02e53538,contains_t_action_edge,absent,strong_favour,strong_suppress,neither_prohibit,matching_to_path,0.013032851193231165,-0.008692288416660032,0.008478152825514007,0.002096599959274803,positive,0.02963576930529055,0.007228633158778752,"99,1061",0.017427922228397064,-0.010484672537968587,0.02963576930529055,-0.016602918112059384,0.007228633158778752,-0.015920921575438785,0.4397676017441718,0.16170350698082042,0.0,0.2297048180229782
4c73221677079586afa6970a,contains_t_action_edge,absent,strong_favour,weak_suppress,neither_prohibit,path_to_matching,-0.005784997241890161,0.0057690540866826845,0.0037160179793793713,-0.008466276180666421,negative,-0.012793706075550387,0.012811583444300084,"99,1062",-0.006792518858545871,0.00447190799658187,0.012793706075550387,-0.007008708833660227,0.012811583444300084,-0.0070425293576174,0.4521752499024243,0.08715852882839295,0.08867456746463731,0.17338792269724354
4c73221677079586afa6970a,contains_t_action_edge,absent,strong_favour,weak_suppress,neither_prohibit,matching_to_path,0.007728431263809843,-0.007792203884639637,0.005374762013040102,-0.0029966844912951984,positive,0.01666922656062697,-0.004980059666241932,"99,1062",0.010293049961378697,-0.006374954707162761,0.01666922656062697,-0.008940795296817128,-0.004980059666241932,-0.0028121442183977052,0.463634664493945,0.09588956555165198,0.0,0.14562237264782282
b284195c7d108e1ee24931df,contains_t_action_edge,absent,strong_favour,weak_favour,neither_prohibit,path_to_matching,0.006362232273066065,0.000671229584481986,0.003205832208747872,0.0033684516784657226,positive,0.01132970398646746,0.005260036322864231,"99,1063",0.007515171422715072,-0.0008174017148702417,0.01132970398646746,-0.004967471713401395,0.005260036322864231,-0.004588806738382245,0.5615532657044975,0.095855327461449,0.010317288099414238,0.1495828573153311
b284195c7d108e1ee24931df,contains_t_action_edge,absent,strong_favour,weak_favour,neither_prohibit,matching_to_path,-0.009058849811820702,0.010245083814287126,0.006745228360971911,-0.02103397219022196,negative,-0.016498485532043583,0.019199379434586383,"99,1063",-0.011760907736487969,0.008480512290604869,0.016498485532043583,-0.007439635720222881,0.019199379434586383,-0.008954295620299257,0.5490715977673515,0.11239657094717281,0.1261870108274428,0.18275342342470074
6a106294d5484f642c37b327,contains_t_action_edge,absent,strong_favour,strong_favour,neither_prohibit,path_to_matching,0.01162048227781906,0.005028925773278542,0.003601740560278399,0.0077261478672622785,positive,0.01857853543294527,0.010486869150994005,"99,1064",0.013719752289585635,-0.0004887856741457308,0.01857853543294527,-0.006958053155126209,0.010486869150994005,-0.005457943377715463,0.6254789200020842,0.17507772212527398,0.07729825566840268,0.168055783719695
6a106294d5484f642c37b327,contains_t_action_edge,absent,strong_favour,strong_favour,neither_prohibit,matching_to_path,-0.016866149625888616,0.0216545988921808,0.011752285007869734,-0.032443487268115634,negative,-0.02774451591063254,0.038533404286567374,"99,1064",-0.02134956121030196,0.01800338218807862,0.02774451591063254,-0.010878366284743923,0.038533404286567374,-0.016878805394386576,0.607909313689809,0.20926468838882464,0.26671612984375415,0.3184132846677278
3e09d4b0cddec7048fbf6659,contains_t_action_edge,present,strong_favour,prohibit,exactly_one_prohibit,path_to_matching,-0.01550976116252703,0.015657880707394017,0.010358361282250178,-0.018355102801377754,negative,-0.040605669900078606,0.0411888876989826,"99,1065",-0.013498841820479723,0.01619606391446346,0.040605669900078606,-0.025095908737551575,0.0411888876989826,-0.025531006991588584,0.38196047992049026,0.23367478131483416,0.24067304245702473,0.48331702248030545
3e09d4b0cddec7048fbf6659,contains_t_action_edge,present,strong_favour,prohibit,exactly_one_prohibit,matching_to_path,0.01979249377725678,-0.0023777611540810595,0.012028301440998757,0.008411127221853776,positive,0.04831765108316244,0.024407003135676453,"99,1065",0.013915794797337622,0.002748558168757631,0.04831765108316244,-0.028525157305905657,0.024407003135676453,-0.026784764289757512,0.4096327808483637,0.24557294549182984,0.0,0.3258916005046902
e6c6473c080e8268e070ff17,contains_t_action_edge,present,strong_favour,strong_suppress,neither_prohibit,path_to_matching,-0.009957279484442416,0.009994120198947826,0.0065172455328014745,-0.012691342292931562,negative,-0.02366281794272787,0.02387015779138829,"99,1066",-0.00849282879908389,0.011190050893067627,0.02366281794272787,-0.013705538458285454,0.02387015779138829,-0.013876037592440466,0.42079855022096035,0.15001940272551964,0.15361691405824368,0.3040920875278082
e6c6473c080e8268e070ff17,contains_t_action_edge,present,strong_favour,strong_suppress,neither_prohibit,matching_to_path,0.013032851193231387,-0.008692288416660032,0.008478152825514229,0.002096599959274803,positive,0.02963576930529055,0.007228633158778752,"99,1066",0.009027672802150999,-0.005648545192144638,0.02963576930529055,-0.016602918112059162,0.007228633158778752,-0.015920921575438785,0.4397676017441793,0.16170350698082317,0.0,0.22970481802298215
de06b8766ab705bd10d6bf47,contains_t_action_edge,present,strong_favour,weak_suppress,neither_prohibit,path_to_matching,-0.005784997241890161,0.0057690540866826845,0.003716017979379399,-0.008466276180666421,negative,-0.012793706075550387,0.012811583444300084,"99,1067",-0.004858527761450043,0.00714583391507026,0.012793706075550387,-0.007008708833660227,0.012811583444300084,-0.0070425293576174,0.4521752499024243,0.08715852882839298,0.08867456746463731,0.1733879226972453
de06b8766ab705bd10d6bf47,contains_t_action_edge,present,strong_favour,weak_suppress,neither_prohibit,matching_to_path,0.007728431263810065,-0.007792203884639748,0.005374762013039547,-0.0029966844912950874,positive,0.01666922656062697,-0.004980059666241932,"99,1067",0.005302323967446565,-0.009446753192742574,0.01666922656062697,-0.008940795296816906,-0.004980059666241932,-0.0028121442183978163,0.46363466449395835,0.09588956555165475,0.0,0.14562237264780648
a87a06c34f8ae23ce2f55bca,contains_t_action_edge,present,strong_favour,weak_favour,neither_prohibit,path_to_matching,0.006362232273066093,0.0006712295844819582,0.003205832208747761,0.003368451678465695,positive,0.01132970398646746,0.005260036322864231,"99,1068",0.005095317833681362,0.002007786365933878,0.01132970398646746,-0.004967471713401367,0.005260036322864231,-0.004588806738382273,0.5615532657044999,0.09585532746144945,0.010317288099413811,0.1495828573153263
a87a06c34f8ae23ce2f55bca,contains_t_action_edge,present,strong_favour,weak_favour,neither_prohibit,matching_to_path,-0.00905884981182059,0.010245083814287237,0.006745228360971578,-0.021033972190222072,negative,-0.016498485532043583,0.019199379434586383,"99,1068",-0.006163559516365824,0.011566875071140403,0.016498485532043583,-0.007439635720222992,0.019199379434586383,-0.008954295620299146,0.5490715977673447,0.11239657094717144,0.12618701082744416,0.1827534234246901
491e1a5fed5c1b71b1b20e82,contains_t_action_edge,present,strong_favour,strong_favour,neither_prohibit,path_to_matching,0.011620482277819116,0.005028925773278542,0.003601740560278399,0.0077261478672622785,positive,0.01857853543294527,0.010486869150994005,"99,1069",0.009091914879503393,0.006394692785519657,0.01857853543294527,-0.006958053155126154,0.010486869150994005,-0.005457943377715463,0.6254789200020872,0.1750777221252749,0.07729825566840268,0.16805578371969543
491e1a5fed5c1b71b1b20e82,contains_t_action_edge,present,strong_favour,strong_favour,neither_prohibit,matching_to_path,-0.016866149625888505,0.02165459889218091,0.0117522850078694,-0.032443487268115745,negative,-0.02774451591063254,0.038533404286567374,"99,1069",-0.011760346318115622,0.022549234694050457,0.02774451591063254,-0.010878366284744034,0.038533404286567374,-0.016878805394386465,0.607909313689805,0.20926468838882328,0.26671612984375553,0.3184132846677159
