A,K,N,alphabet,closing_bias,closing_bias_exact,disjoint_pair_mass,entropy_rate_bits,equivalent_to_baseline,exact_kernel_family,expressions,family_id,halt_mass,halt_mass_exact,max_abs_dissolve_shift,max_abs_dissolve_shift_exact,mean_edge_density,mean_edge_density_exact,n_deadlock,n_recurrent,periods,reversibility_defect,reversibility_defect_exact,rise_then_release,rise_then_release_exact,rise_then_release_excess,rise_then_release_excess_exact,set_id,stationary_arithmetic,stationary_residual,support_matches_baseline,triangle_mass,triangle_mass_exact,tv_from_uniform,tv_from_uniform_exact
4,2,5,W4,,,,3.2649269348453225,False,602cd9e9fd3d58cd5b9020c2fe88cbc004ecf10701bd3691e30f1a8551121799,dissolve(0-1) | present(2-3) => prohibit,f5bf001d308d7d6c2073db86b6f351b1574c5a0fcadf555a12073493924e452c,0.0,,0.08888888888888889,4/45,0.5166666666666669,,0,1,2,4.0690104166744774e-05,,,,,,0550ac9b0725e2f0,float64,8.118505867571457e-16,False,,,0.18749999999999997,
2,1,5,W4,,,,3.1699250014425298,False,143a816a0644433e80d37858904546bda710f0114e1d8cb4b366b71b10a213d2,dissolve(0-1) => prohibit,d0a8ace57e112e22b51bfc1fb231282d03668c10138351ae3868ea0445674d7e,0.0,,0.1,1/10,0.5500000000000003,,0,1,2,7.684282897491013e-17,,,,,,0718498469ed5aaa,float64,6.355593135110027e-16,False,,,0.5,
3,2,5,W4,,,,3.3026284075430143,False,40c2ec81f4828a7858e0afb437718617ce6f99fa78b4de4448e7bcb515e66e9b,form(0-1) | present(0-2) => strong_suppress,bab94f1963d1f3837e0e39d90fe5bef9fe222e384539eb57502642f74d435678,0.0,,0.07297297297297298,27/370,0.4866071428571428,,0,1,2,2.6157924107213034e-05,,,,,,082bcc6bf6b3505d,float64,6.808789643208968e-16,True,,,0.12053571428571395,
4,2,5,W4,,,,3.315584172271181,False,8c368cfd3b3c72dd4386622cd17838685f7658b4e1e317dfcb59c1d9a5fd2807,dissolve(0-1) | present(2-3) => weak_suppress,f9151ee0dff49e839923f9feeb16d6d4cc48036f9f22b991a515e593b2d832a5,0.0,,0.042105263157894736,4/95,0.5062500000000008,,0,1,2,1.525878906254261e-05,,,,,,0864f9765746e317,float64,4.343313902976931e-16,True,,,0.07031250000000035,
2,1,5,W4,,,,3.307927713941488,False,03401aff28b5d2a20c5b1130a7fef4dbce7e7b97eb7fbc3d8e7051cd1591f701,dissolve(0-1) => weak_suppress,c410d00e5bf37219ab3f82bd3195eeed3d81da0486c114755cec95a034eda0d7,0.0,,0.04736842105263158,9/190,0.5155172413793089,,0,1,2,1.1107651257113993e-16,,,,,,0ea422619385f212,float64,9.423885283244005e-16,True,,,0.1551724137931014,
2,1,5,W4,,,,3.2759373505772453,False,04f0093da9d1584c54169ff3f088a4ab512bc340d2c17b2f78fef9cad20a754d,form(0-1) => strong_suppress,cca447d873b87538e8daf283273c95db18d027519f66cbe032606ed0829f26f6,0.0,,0.07297297297297298,27/370,0.4712765957446804,,0,1,2,3.756760527662273e-17,,,,,,1ab3fa08d99328bd,float64,3.0899761915836876e-16,True,,,0.2872340425531902,
3,2,5,W4,,,,3.302628407543013,False,7327d71a38064f4dd284821b2a483c70daf10c37932d25dc8605fc8562d722eb,dissolve(0-1) | present(0-2) => strong_suppress,661ce27b56e012fbbf434ba0e571ccb70ba6c09154b9a778d2517711719e742b,0.0,,0.06486486486486487,12/185,0.5107142857142855,,0,1,2,2.6157924107178787e-05,,,,,,1d5f44c13a40bfd8,float64,3.7513395167998453e-16,True,,,0.12053571428571569,
3,2,5,W4,,,,3.313223429909428,False,776e497202af71f2a4838a513f3df29f6fcd57e4ce97e7c624ab2e2521a83320,dissolve(0-1) | present(0-2) => weak_favour,39f205dbed41323c815edede0b9582c742164469f6249633d4a43f69fe5f2a01,0.0,,0.07272727272727272,4/55,0.4928571428571433,,0,1,2,1.7438616071469953e-05,,,,,,1e210dc2a2b083cc,float64,3.608224830031759e-16,True,,,0.0803571428571435,
3,2,5,W4,,,,3.313223429909554,False,b0e52a815f34741596e0317c86877647c36306add4777c479b394f1a20fd0ea1,dissolve(0-1) | absent(0-2) => weak_favour,13b29d367662bbe06053e1bf2274c2f451c81e2156df88a6d8152c234b70f430,0.0,,0.08181818181818182,9/110,0.491071428571429,,0,1,2,1.743861607153846e-05,,,,,,20c1e58c6513aab1,float64,1.1509890263106115e-15,True,,,0.08035714285714489,
3,2,5,W4,,,,3.2649269348453456,False,27f371a7c0e960a0a58d1c255267624beddd4681f825c687f80c1a6a6d4020ff,form(0-1) | present(0-2) => prohibit,a8d34f4b9bee9d191c7673292a1e937407b729bf021fb3848305be87d40b2373,0.0,,0.1,1/10,0.4791666666666665,,0,1,2,4.069010416670615e-05,,,,,,26547f5c5927a0e7,float64,3.9914902980053846e-16,False,,,0.18750000000000144,
2,1,5,W4,,,,3.3062035387989988,False,483c1ba7ad8d9b07b634b267c1b2421b6414d91fffb666da833a4239f1045f6a,form(0-1) => weak_favour,158912b932e5c3649cdb6ff805db1c3404c39116cae52fae7218eff2e93a1ff6,0.0,,0.08181818181818182,9/110,0.5145161290322586,,0,1,2,2.1773490128940143e-16,,,,,,29a295cd6fdeeb2a,float64,1.1729983304120672e-15,True,,,0.14516129032258054,
3,2,5,W4,,,,3.315584172271143,False,d7e61369a53b77981263dea582b38d8c5b1656aa56e0c6640dcb3d9cfdafb561,form(0-1) | present(0-2) => weak_suppress,bab94f1963d1f3837e0e39d90fe5bef9fe222e384539eb57502642f74d435678,0.0,,0.04736842105263158,9/190,0.4921874999999999,,0,1,2,1.5258789062530344e-05,,,,,,2a8a7dae656031f3,float64,3.426078865054194e-16,True,,,0.07031250000000042,
2,1,5,W4,,,,3.2638271722895102,False,ca4f1e9f710a6658963fb8d27aaed08e02fedfda055c56703a7e7c85b2c24426,form(0-1) => strong_favour,158912b932e5c3649cdb6ff805db1c3404c39116cae52fae7218eff2e93a1ff6,0.0,,0.2076923076923077,27/130,0.5254716981132079,,0,1,2,2.2863113312288075e-16,,,,,,2f070fb2d57a7beb,float64,7.429495386956919e-16,True,,,0.25471698113207575,
2,1,5,W4,,,,3.263827172289526,False,8008aef3df49a2c2cf60868494a0927d2dec1c97ec25d77073938d4081f9a4fe,dissolve(0-1) => strong_favour,60e0e57d60987d0be77aee14845871b9eda4f8873d7c579db3d190dd96f1a404,0.0,,0.2076923076923077,27/130,0.47452830188679185,,0,1,2,1.2202695451324352e-16,,,,,,33851076d965a19f,float64,6.31873026124552e-16,True,,,0.2547169811320764,
4,2,5,W4,,,,3.3132234299093946,False,b8ebd0a6f9d53a9ed67ec73ff3424660fb8c09842adb40aa74cb653f52414104,form(0-1) | absent(2-3) => weak_favour,6b20ec4ac4219fc5ff9f3b082dcdbe6cf3789645280ca41abed05350b9cc26b7,0.0,,0.07272727272727272,4/55,0.5071428571428575,,0,1,2,1.743861607166435e-05,,,,,,3ec1dc31b631c85f,float64,1.2924774098199698e-15,True,,,0.08035714285714195,
3,2,5,W4,,,,3.3155841722711434,False,da9ba4a7e05aaa5f0d14fa5ba2cefb7b8b5ddd947d89e213319cab29d9b0b732,form(0-1) | absent(0-2) => weak_suppress,c8076e4d6a4a4df9318ae594cbdbcdc3f598fded39f4abbb39c28d6f1ad54279,0.0,,0.042105263157894736,4/95,0.49375,,0,1,2,1.5258789062579777e-05,,,,,,4c26647780629fa1,float64,7.592667813915988e-16,True,,,0.0703124999999987,
2,1,5,W4,,,,3.30792771394148,False,81a7f35a82a4cc0405b4542aa3820c1510a7a69cc84f36b55e2a85082a23fd89,form(0-1) => weak_suppress,cca447d873b87538e8daf283273c95db18d027519f66cbe032606ed0829f26f6,0.0,,0.04736842105263158,9/190,0.4844827586206904,,0,1,2,5.93871739978935e-17,,,,,,57433002cd63e46b,float64,5.431852884152377e-16,True,,,0.1551724137931032,
3,2,5,W4,,,,3.315584172271201,False,f194bb021d52fe1819a3ca6c504dd6e25b362cd7ac2b322f65576a3014871740,dissolve(0-1) | present(0-2) => weak_suppress,661ce27b56e012fbbf434ba0e571ccb70ba6c09154b9a778d2517711719e742b,0.0,,0.042105263157894736,4/95,0.5062499999999999,,0,1,2,1.5258789062528853e-05,,,,,,5bd04e2bbeb59986,float64,2.6291902682773483e-16,True,,,0.07031250000000035,
3,2,5,W4,,,,3.3132234299094816,False,d6e42608e19b680ae1b3b45bc121da7e9be5e6d13396056b0f17d02aed63fca2,form(0-1) | absent(0-2) => weak_favour,3e63e5ce95ecd4d7747f732e52bfa4f2375c327e322ecf150d218dce99aab5b8,0.0,,0.07272727272727272,4/55,0.5071428571428562,,0,1,2,1.7438616071472555e-05,,,,,,5f568188101f1644,float64,3.77193935807707e-16,True,,,0.08035714285714383,
4,2,5,W4,,,,3.315584172271262,False,1a99e736f1b38dc24e677db8cccea3d80a697b4972907bc601523198ffd000bc,dissolve(0-1) | absent(2-3) => weak_suppress,8c3c8c422621ee3c062b7b9f8501df88f327a14156f9c5f1c9e7138e3d9542ec,0.0,,0.04736842105263158,9/190,0.5078124999999999,,0,1,2,1.525878906252209e-05,,,,,,61255c1c48586137,float64,2.2724877535296173e-16,True,,,0.07031249999999971,
3,2,5,W4,,,,3.2869354937771833,False,fa232e95943c78252315c29a00f4bb6ad30c2fa2cd37c71599fb68d717fbb5e1,form(0-1) | present(0-2) => strong_favour,defaf3f7ee30991973628bb094c7cef5d21f09ede195a75b6edaa9e867c1447c,0.0,,0.2076923076923077,27/130,0.5170454545454529,,0,1,2,3.329190340934881e-05,,,,,,6db0090e614349de,float64,2.5573076642415593e-15,True,,,0.15340909090908836,
3,2,5,W4,,,,3.2869354937772024,False,7734dd8ceea2be060935ca3b456105b9da8ef695fc7e6e77d8921e343787aee0,dissolve(0-1) | absent(0-2) => strong_favour,13b29d367662bbe06053e1bf2274c2f451c81e2156df88a6d8152c234b70f430,0.0,,0.2076923076923077,27/130,0.4829545454545466,,0,1,2,3.329190340915588e-05,,,,,,703996c0c0505230,float64,6.980093586461678e-16,True,,,0.15340909090909205,
4,2,5,W4,,,,3.313223429909397,False,bbc308f17bb1b9b6146000b612884fee186eff6400c66c247e272b53c6720e1f,dissolve(0-1) | absent(2-3) => weak_favour,f298c6c6e205d3f06ac00bdba137fd9780122bbdf299ed336dbfff4311d48710,0.0,,0.08181818181818182,9/110,0.4910714285714299,,0,1,2,1.7438616071537363e-05,,,,,,76e6204c4f6acfca,float64,6.056353335504028e-16,True,,,0.0803571428571433,
3,2,5,W4,,,,3.3132234299095185,False,72d642cbc0aca875fde65aadddd1617b601053c38531f319e9a0d2387a168038,form(0-1) | present(0-2) => weak_favour,defaf3f7ee30991973628bb094c7cef5d21f09ede195a75b6edaa9e867c1447c,0.0,,0.08181818181818182,9/110,0.5089285714285717,,0,1,2,1.7438616071509364e-05,,,,,,7b3fb1c5647a79e9,float64,4.570996359198887e-16,True,,,0.08035714285714139,
4,2,5,W4,,,,3.2869354937772792,False,5915f491edc1292846f78f2153807dbea82115b42f915f5b946bcfc8d2590013,form(0-1) | absent(2-3) => strong_favour,6b20ec4ac4219fc5ff9f3b082dcdbe6cf3789645280ca41abed05350b9cc26b7,0.0,,0.18461538461538463,12/65,0.5136363636363628,,0,1,2,3.3291903409395025e-05,,,,,,7bb220caf265f3e5,float64,1.1761425167122752e-15,True,,,0.15340909090909055,
4,2,5,W4,,,,3.28693549377708,False,f5f1b11bc8b9b2cb7e64bdbb8896456903defcefd5128d230a69b52b5faa1020,form(0-1) | present(2-3) => strong_favour,5144d6c05ae7afb8d05ee64d124eeb681f76631af63d5a83a224a4d8ed74e2cc,0.0,,0.2076923076923077,27/130,0.517045454545453,,0,1,2,3.32919034091682e-05,,,,,,7d67ff5750f08a90,float64,7.399679827213568e-16,True,,,0.15340909090908955,
4,2,5,W4,,,,3.2649269348452963,False,77abdfe1a4a4bde6fca3cd66d7b25bdeef26c257c9633a9b86adab7aeb10dbbd,dissolve(0-1) | absent(2-3) => prohibit,439677983ba138c4bb653b305f2bc54e20f3f5ef24e9969b6c1ea902105d78d5,0.0,,0.1,1/10,0.5208333333333329,,0,1,2,4.0690104166728674e-05,,,,,,8fe2906bd9ea983f,float64,6.061774346366455e-16,False,,,0.18749999999999925,
4,2,5,W4,,,,3.3132234299095895,False,a1629b9eb9bb2fd0e4b89f5e6e3327a38d46fcb68298f500b609174652a8c497,dissolve(0-1) | present(2-3) => weak_favour,e1a4e93cf9d90e63e2458241b9eafcad4bcaf9c4fbbabc977b7f9f503df34138,0.0,,0.07272727272727272,4/55,0.4928571428571423,,0,1,2,1.7438616071470224e-05,,,,,,904262ff8cb73980,float64,3.7990444123892075e-16,True,,,0.08035714285714446,
4,2,5,W4,,,,3.2649269348452545,False,31021db49e89a8634ea4c869d83eca4ccf5b34d125a9301ca15894193dd59abe,form(0-1) | absent(2-3) => prohibit,5db4ec218bb9899fff20e5c3f0cb9fd593b5b1eeadbeff0d0410da5ce69a2ec0,0.0,,0.08888888888888889,4/45,0.4833333333333331,,0,1,2,4.069010416674747e-05,,,,,,90e774d18df43ea6,float64,7.344385516416807e-16,False,,,0.18750000000000291,
3,2,5,W4,,,,3.264926934845346,False,1413caaea543e6edb6f32a19201cca86cecfd1b9a1c691f6b13dd33af782d0ee,dissolve(0-1) | absent(0-2) => prohibit,85e3d2aadefb009ed14f0d08c10e6e6dad3b45ba1eec21d8e8d45c7aec8eff76,0.0,,0.1,1/10,0.5208333333333341,,0,1,2,4.069010416668948e-05,,,,,,97976c3a18c8d08d,float64,2.1467203015212988e-16,False,,,0.1875000000000002,
4,2,5,W4,,,,3.315584172271189,False,04e5607ba4ce60abdd300264c524dd704c886de7926d92491a4cac6b2a32aac6,form(0-1) | absent(2-3) => weak_suppress,55d6d07c2fe07e7457eef8913761f5da12163aa0757e82340cc1e9dca9ec3b72,0.0,,0.042105263157894736,4/95,0.49375000000000024,,0,1,2,1.5258789062548355e-05,,,,,,a1aa94d547993f79,float64,4.704353226414604e-16,True,,,0.07031250000000124,
4,2,5,W4,,,,3.3026284075430694,False,40d98f2519719fe8f2eabf1d4d3aa58ea3b2768c3a4f95c3a586b9d1cda4ec12,dissolve(0-1) | present(2-3) => strong_suppress,f9151ee0dff49e839923f9feeb16d6d4cc48036f9f22b991a515e593b2d832a5,0.0,,0.06486486486486487,12/185,0.5107142857142859,,0,1,2,2.6157924107276257e-05,,,,,,a5cbb6b4f0d7f8dc,float64,1.2628786905111156e-15,True,,,0.1205357142857135,
3,2,5,W4,,,,3.302628407542959,False,e1921cd29c827a12fd7ddac65fc1ba81769a3b9e2a2c7be97cb7afb33af0a5e4,dissolve(0-1) | absent(0-2) => strong_suppress,76277a1db5a0799b861b8fa0feeec802f8a69e6eaba6e23fd15778ede5c738c4,0.0,,0.07297297297297298,27/370,0.5133928571428565,,0,1,2,2.615792410719555e-05,,,,,,a7021b2edd0583f0,float64,4.958056534776212e-16,True,,,0.12053571428571183,
4,2,5,W4,,,,3.315584172271116,False,390313aa8f2d1e2cb3aeaf0884b4805488c06fc9d811ef9d6d3288cacaef2313,form(0-1) | present(2-3) => weak_suppress,e3c2acb728aeea7a18a0c5d4718b5a89dbc17dc473d7ce78420989a7e31a7f1b,0.0,,0.04736842105263158,9/190,0.49218749999999983,,0,1,2,1.5258789062563534e-05,,,,,,acb025b8bc21d771,float64,6.195131213582172e-16,True,,,0.07031249999999924,
3,2,5,W4,,,,3.30262840754309,False,960342e58782744ee92a3706c57e164d14ccbf9450964a9e4d8951026bd035ab,form(0-1) | absent(0-2) => strong_suppress,c8076e4d6a4a4df9318ae594cbdbcdc3f598fded39f4abbb39c28d6f1ad54279,0.0,,0.06486486486486487,12/185,0.48928571428571477,,0,1,2,2.6157924107222453e-05,,,,,,b298ff9784acb1f0,float64,7.177418381854039e-16,True,,,0.12053571428571414,
3,2,5,W4,,,,3.286935493777156,False,b1ea1bf1dc7d44e77fd0e19c663ad300728608676b9dd724cebf538238d9e509,form(0-1) | absent(0-2) => strong_favour,3e63e5ce95ecd4d7747f732e52bfa4f2375c327e322ecf150d218dce99aab5b8,0.0,,0.18461538461538463,12/65,0.5136363636363622,,0,1,2,3.329190340944544e-05,,,,,,bdac008943333921,float64,1.1512058667451086e-15,True,,,0.15340909090909097,
4,2,5,W4,,,,3.286935493777136,False,41f3687ffe3294004ee8eeb648bca1b095ca81ca8099e78754e2a18a09a746ec,dissolve(0-1) | present(2-3) => strong_favour,e1a4e93cf9d90e63e2458241b9eafcad4bcaf9c4fbbabc977b7f9f503df34138,0.0,,0.18461538461538463,12/65,0.48636363636363883,,0,1,2,3.329190340932965e-05,,,,,,befa61ce85f30de4,float64,1.2327378701160185e-15,True,,,0.1534090909090916,
3,2,5,W4,,,,3.2649269348451257,False,d3b1b95a920b676f93a7986f350dd9178dd302c77353af918fcae607fb3ae762,form(0-1) | absent(0-2) => prohibit,ea47fc9d91e07ee9ae18cf24e4330ecb142aaaf07fdfe5b98a89b6a76fcf222e,0.0,,0.08888888888888889,4/45,0.4833333333333332,,0,1,2,4.069010416675833e-05,,,,,,bf9c2552c314f258,float64,9.02706728811431e-16,False,,,0.18750000000000094,
4,2,5,W4,,,,3.302628407543147,False,0d0644db85ac04816729c03fd1dc6d30f9951792647888bb10e03f08207f68d9,form(0-1) | present(2-3) => strong_suppress,e3c2acb728aeea7a18a0c5d4718b5a89dbc17dc473d7ce78420989a7e31a7f1b,0.0,,0.07297297297297298,27/370,0.48660714285714424,,0,1,2,2.615792410722286e-05,,,,,,cf6c47f69a9feab7,float64,7.401848231558539e-16,True,,,0.12053571428571745,
2,1,5,W4,,,,3.1699250014425298,False,46e0e3506d97085451fba40f921757317d0f18ac37dd592e8cc03e1a77a72c48,form(0-1) => prohibit,da1ad8283cd8681157e1a1d252a0b820a5aa967079844ccee6248e8784815d9d,0.0,,0.1,1/10,0.45000000000000034,,0,1,2,7.684282897491013e-17,,,,,,d0a7f4273f133311,float64,6.355593135110027e-16,False,,,0.5,
2,1,5,W4,,,,3.306203538798802,False,a0ddac74ae212ba01d3459770739837915f123dfb6eabdef14826eebe9593d65,dissolve(0-1) => weak_favour,60e0e57d60987d0be77aee14845871b9eda4f8873d7c579db3d190dd96f1a404,0.0,,0.08181818181818182,9/110,0.4854838709677419,,0,1,2,1.357692170494973e-16,,,,,,d1ac45ea61df004e,float64,8.376545984623007e-16,True,,,0.14516129032258096,
3,2,5,W4,,,,3.3155841722712407,False,a502aba29d95e4a5c3158ea7f1f7c0d36f3e46bd7dee1c51c1d4f3653e0562af,dissolve(0-1) | absent(0-2) => weak_suppress,76277a1db5a0799b861b8fa0feeec802f8a69e6eaba6e23fd15778ede5c738c4,0.0,,0.04736842105263158,9/190,0.5078125000000003,,0,1,2,1.5258789062540278e-05,,,,,,d2c84bdd473cd249,float64,3.879275373153135e-16,True,,,0.07031249999999975,
3,2,5,W4,,,,3.286935493777213,False,3d4f7da1ca041387a11135e6efc5937ea70e3b6b10d7a79bf85379e82147fa69,dissolve(0-1) | present(0-2) => strong_favour,39f205dbed41323c815edede0b9582c742164469f6249633d4a43f69fe5f2a01,0.0,,0.18461538461538463,12/65,0.4863636363636347,,0,1,2,3.329190340918206e-05,,,,,,d5d60112ca8d900b,float64,9.11380346191315e-16,True,,,0.15340909090909138,
3,2,5,W4,,,,3.2649269348452505,False,5d1e49fc14bb5ac05a253a82f9ca7c51d767c1fceedaf8c6826420150a5f2459,dissolve(0-1) | present(0-2) => prohibit,52444bf7c23ea9be7ecbc4f559b832a2470c7a184103847fb028bbf5cd6a6562,0.0,,0.08888888888888889,4/45,0.5166666666666668,,0,1,2,4.069010416671908e-05,,,,,,d7e6993a55439df4,float64,4.601354020028481e-16,False,,,0.18749999999999836,
2,1,5,W4,,,,3.2759373505772293,False,33b79fdb31ad414a23e17eec7067cdd08a307457230c80c9d055fa2700547406,dissolve(0-1) => strong_suppress,c410d00e5bf37219ab3f82bd3195eeed3d81da0486c114755cec95a034eda0d7,0.0,,0.07297297297297298,27/370,0.5287234042553206,,0,1,2,6.659034218134408e-17,,,,,,dd960e8ed7074d12,float64,5.775544972830282e-16,True,,,0.28723404255319085,
4,2,5,W4,,,,3.3132234299095984,False,711adc4dc735da5643df79da1475c32050bda1c82e307f8228bdb1d2ecd4803b,form(0-1) | present(2-3) => weak_favour,5144d6c05ae7afb8d05ee64d124eeb681f76631af63d5a83a224a4d8ed74e2cc,0.0,,0.08181818181818182,9/110,0.5089285714285708,,0,1,2,1.7438616071472243e-05,,,,,,deb0d03d9cbc6ff4,float64,4.475586568020162e-16,True,,,0.08035714285714375,
4,2,5,W4,,,,3.2869354937772868,False,97bc7103dd31a379a79c0781156b0959a258f79e52a19afd66d009ba418f7fa0,dissolve(0-1) | absent(2-3) => strong_favour,f298c6c6e205d3f06ac00bdba137fd9780122bbdf299ed336dbfff4311d48710,0.0,,0.2076923076923077,27/130,0.4829545454545457,,0,1,2,3.3291903409183565e-05,,,,,,e05dce43fac32918,float64,8.762521958027847e-16,True,,,0.1534090909090917,
4,2,5,W4,,,,3.302628407542901,False,5ef64294f8b3273e45ee555e25d5c0bd870654a60c7c220289430140b299c54a,dissolve(0-1) | absent(2-3) => strong_suppress,8c3c8c422621ee3c062b7b9f8501df88f327a14156f9c5f1c9e7138e3d9542ec,0.0,,0.07297297297297298,27/370,0.5133928571428559,,0,1,2,2.6157924107198506e-05,,,,,,e7acfd4ec7fcbe43,float64,5.311506443006486e-16,True,,,0.12053571428571244,
4,2,5,W4,,,,3.264926934845304,False,3a221d5e70a961ae9aa6e308dac3a3a3717cfc2a8e7f4226b2df3cda82eeb990,form(0-1) | present(2-3) => prohibit,4ae8cca3e03bbe764669674d97f1da49592ee37ab30b326f062c596030087293,0.0,,0.1,1/10,0.47916666666666713,,0,1,2,4.0690104166731696e-05,,,,,,e8480268368bd33a,float64,6.363182550317426e-16,False,,,0.18750000000000044,
4,2,5,W4,,,,3.3026284075429406,False,82892a06df0cf1d2a5f0f8849a8e5c920d3353267a8a1f8ff63399ac3a27c1fb,form(0-1) | absent(2-3) => strong_suppress,55d6d07c2fe07e7457eef8913761f5da12163aa0757e82340cc1e9dca9ec3b72,0.0,,0.06486486486486487,12/185,0.489285714285714,,0,1,2,2.6157924107186227e-05,,,,,,fbe131cca91dd0f2,float64,4.240314696590808e-16,True,,,0.12053571428571391,
