A,K,N,alphabet,closing_bias,closing_bias_exact,cmi_pair_to_triad_bits,cmi_triad_to_pair_bits,cross_order_class,disjoint_pair_mass,emergent_memory,emergent_memory_tv_exact,entropy_rate_bits,equivalent_to_baseline,exact_kernel_family,expressions,family_id,halt_mass,halt_mass_exact,max_abs_dissolve_shift,max_abs_dissolve_shift_exact,mean_edge_density,mean_edge_density_exact,n_deadlock,n_recurrent,pair_density_triad_absent_exact,pair_density_triad_present_exact,pair_predicts_next_triad,periods,reducibility_class,reversibility_defect,reversibility_defect_exact,rise_then_release,rise_then_release_exact,rise_then_release_excess,rise_then_release_excess_exact,set_id,stationary_arithmetic,stationary_residual,support_matches_baseline,triad_dissolution_flux_exact,triad_formation_flux_exact,triad_occupancy_exact,triad_predicts_next_pair,triangle_mass,triangle_mass_exact,tv_from_uniform,tv_from_uniform_exact
3,2,3,W4,-0.022222222222222223,-1/45,0.0005463969665914527,0.007421132102193113,T->P,,1,3/616,1.9860593781761298,False,91c73f6bebf4a8ebff1fbb8084f2047c8f1b52244ac9664220f879b5f4533a7c,form(0-1) | absent(0-1-2) => weak_suppress,ec543305a9cc26dd013556b50ecc1ede14c9b531ee3dd61e1d564321acaccc87,0.0,0/1,0.13333333333333333,2/15,0.48,12/25,0,1,17/36,19/39,1,2,IRREDUCIBLE_DYNAMIC_COUPLING,0.0025,1/400,0.3617893586005831,3971/10976,-0.03664814139941691,-1609/43904,0034517571c658af,rational,0.0,True,13/100,13/100,13/25,1,0.11,11/100,0.06,3/50
3,2,3,W4,-0.037037037037037035,-1/27,0.0012572035931287355,0.024951456197571206,T->P,,1,27/1768,1.955946891531027,False,cd051bbb104f81378a0f78bd065f847ba7dd13cecb63009ac96d7fa91f37b014,form(0-1) | absent(0-1-2) => strong_suppress,ec543305a9cc26dd013556b50ecc1ede14c9b531ee3dd61e1d564321acaccc87,0.0,0/1,0.2222222222222222,2/9,0.46511627906976744,20/43,0,1,9/20,11/23,1,2,IRREDUCIBLE_DYNAMIC_COUPLING,0.00436046511627907,3/688,0.3361259672280382,23631/70304,-0.06231153277196177,-17523/281216,048421c8046f32c0,rational,0.0,True,23/172,23/172,23/43,1,0.09883720930232558,17/172,0.10465116279069768,9/86
3,2,3,W4,0.0,0/1,0.024951456197571213,0.0183247643878374,P->T,,1,27/1840,1.9559468915310276,False,d3ea50f686e5bd4e7d482bfd0bb2c80c98564e46f887a318649303a41d523b94,dissolve(0-1-2) | present(0-1) => strong_suppress,b0935edc558796d252541b58ffc9c81a9fccb0cc967b7b771f9edb0e59ea4e5e,0.0,0/1,0.0,0/1,0.4883720930232558,21/43,0,1,8/17,1/2,1,2,PAIRWISE_PROJECTION_REDUCIBLE,0.00436046511627907,3/688,0.4289478550295858,9279/21632,0.0305103550295858,165/5408,05df7ef5b3080195,rational,0.0,True,17/172,17/172,26/43,1,0.11627906976744186,5/43,0.10465116279069768,9/86
2,1,3,W4,0.1111111111111111,1/9,0.0,0.0,P->P,,0,0/1,1.584962500721156,False,1bd3c52f2ab84245bc2243bcb2a55cef5909d4e01be733bbd471f564fd4772ed,dissolve(0-1) => prohibit,7de81e9a335956f6bb56f4206e4dae37277e526ffa33829f8ebdfd33b9b2f738,0.0,0/1,0.3333333333333333,1/3,0.6666666666666666,2/3,0,1,2/3,2/3,0,2,FULLY_REDUCIBLE,0.0,0/1,0.37789351851851855,653/1728,-0.020543981481481483,-71/3456,0718498469ed5aaa,rational,0.0,False,1/6,1/6,1/2,0,0.25,1/4,0.5,1/2
3,1,3,W4,0.0,0/1,0.0,0.06789213528685348,T->T,,1,81/1288,1.897890628452315,False,d7a1a318f1fab277d9d5dee6633dcaf83b893de5a3ab23481eee0d6dca9ff5f7,form(0-1-2) => strong_favour,9663b290f8e9529babeb5c07e1294e2809b12c8420b434585f9f92dc4c3474aa,0.0,0/1,0.0,0/1,0.5,1/2,0,1,1/2,1/2,0,2,FULLY_REDUCIBLE,0.0,0/1,0.2458350687213661,2361/9604,-0.1526024312786339,-46899/307328,07cbcabff427a0a6,rational,0.0,True,4/23,4/23,16/23,1,0.125,1/8,0.1956521739130435,9/46
3,2,3,W4,0.037037037037037035,1/27,0.0012572035931287355,0.024951456197571213,T->P,,1,27/1768,1.9559468915310279,False,56a310fd6869ce996781b9758b182eecf8fa28ff5fec3e3af2170e67dd819251,dissolve(0-1) | present(0-1-2) => strong_suppress,792ecd50ac6524babdcfdb9be803c507d5d7c08a56cf149ed8e7e634c55e0146,0.0,0/1,0.2222222222222222,2/9,0.5348837209302325,23/43,0,1,12/23,11/20,1,2,IRREDUCIBLE_DYNAMIC_COUPLING,0.00436046511627907,3/688,0.3823502218934911,8271/21632,-0.016087278106508875,-87/5408,07e05d7404e47f00,rational,0.0,True,23/172,23/172,20/43,1,0.1511627906976744,13/86,0.10465116279069768,9/86
3,2,3,W4,-0.07407407407407407,-2/27,0.0025434723409260163,0.0,P->P,,0,0/1,1.9559468915310276,False,2db252c5001b78eac8de97c2edca8c8ae87a949fbdad015e47f7fd0b3a5bbe49,form(0-1) | present(0-2) => strong_suppress,30ffd10b34bea4187523facd37d8d25a0e148c7d261a68716dda76c06677bd41,0.0,0/1,0.2222222222222222,2/9,0.45348837209302323,39/86,0,1,39/86,39/86,1,2,FULLY_REDUCIBLE,0.00436046511627907,3/688,0.38607867262175694,217143/562432,-0.01235882737824306,-6951/562432,082bcc6bf6b3505d,rational,0.0,True,23/172,23/172,1/2,0,0.08139534883720931,7/86,0.10465116279069768,9/86
3,2,3,W4,0.05555555555555555,1/18,0.001998589279514245,0.09195025398001991,T->P,,1,1/24,1.861654166907053,False,bbfeb300554f0c3b9db5e982f084aa3f21559fadbfb89e07262a3486f26187e0,dissolve(0-1) | present(0-1-2) => prohibit,f99e5a22dd2fdc9dba0d055805121cfd4197897a9b004d7a0d01ed67bded79f2,0.0,0/1,0.3333333333333333,1/3,0.5555555555555556,5/9,0,1,8/15,7/12,1,2,IRREDUCIBLE_DYNAMIC_COUPLING,0.006944444444444444,1/144,0.3741319444444444,431/1152,-0.024305555555555556,-7/288,0971735633c6bad7,rational,0.0,False,5/36,5/36,4/9,1,0.16666666666666666,1/6,0.16666666666666666,1/6
3,2,3,W4,0.022222222222222223,1/45,0.0005463969665914529,0.007421132102193113,T->P,,1,3/616,1.98605937817613,False,7eeda9a47e1b814c1624a98f66ac172787ae5f4911e4e3816c1572bcda5d642a,dissolve(0-1) | present(0-1-2) => weak_suppress,792ecd50ac6524babdcfdb9be803c507d5d7c08a56cf149ed8e7e634c55e0146,0.0,0/1,0.13333333333333333,2/15,0.52,13/25,0,1,20/39,19/36,1,2,IRREDUCIBLE_DYNAMIC_COUPLING,0.0025,1/400,0.38887117346938777,2439/6272,-0.009566326530612245,-15/1568,097a2eec5bfb071e,rational,0.0,True,13/100,13/100,12/25,1,0.14,7/50,0.06,3/50
2,1,3,W4,0.044444444444444446,2/45,0.001082165913077502,0.0,P->P,,0,0/1,1.9683167685821137,False,da96aa9f9a6f984bf98974ca0642b9a1ac69cb204e9f007bd9eb8214ef633ca3,dissolve(0-1) => weak_suppress,b4614eac39a11233b0d27e628458e559e31dd1cd7b2d72ee7e49ee1ad1c3d981,0.0,0/1,0.13333333333333333,2/15,0.5454545454545454,6/11,0,1,6/11,6/11,1,2,FULLY_REDUCIBLE,0.0,0/1,0.3935404518950437,8639/21952,-0.004897048104956268,-215/43904,0ea422619385f212,rational,0.0,True,3/22,3/22,1/2,0,0.1590909090909091,7/44,0.13636363636363635,3/22
3,2,3,W4,-0.05555555555555555,-1/18,0.006388134034178417,0.029748441981559518,T->P,,1,27/616,1.9365266068757636,False,cdc88d70d0b6d29b335723edb9c6a3fff881fdd0a6d2eaf3d1728afeeef9e062,dissolve(0-1) | absent(0-1-2) => strong_favour,a3d2ab38486eb7ce8b512d8a74b281312be6ab4e5efafe4eb47e4d8656451179,0.0,0/1,0.3333333333333333,1/3,0.4594594594594595,17/37,0,1,9/20,8/17,1,2,IRREDUCIBLE_DYNAMIC_COUPLING,0.005067567567567568,3/592,0.37035349854227406,4065/10976,-0.028084001457725948,-1233/43904,116945e58b258450,rational,0.0,True,17/148,17/148,17/37,1,0.0945945945945946,7/74,0.12162162162162163,9/74
2,1,3,W4,-0.07407407407407407,-2/27,0.002127882204421498,0.0,P->P,,0,0/1,1.888571549166718,False,f25c6ca1cf441f91040238735f157586ad4b5a3d5abe97458a94cc460237ab6c,form(0-1) => strong_suppress,71d8399a7585bca99a9faa4fffec60aa11b8cc4b83654828b7a64940fd0fddb4,0.0,0/1,0.2222222222222222,2/9,0.4117647058823529,7/17,0,1,7/17,7/17,1,2,FULLY_REDUCIBLE,0.0,0/1,0.3300074839816533,301611/913952,-0.0684300160183467,-250167/3655808,1ab3fa08d99328bd,rational,0.0,True,5/34,5/34,1/2,0,0.058823529411764705,1/17,0.2647058823529412,9/34
3,2,3,W4,0.037037037037037035,1/27,0.0025434723409260146,0.0,P->P,,0,0/1,1.9559468915310283,False,03db07deba357e2273b5af766444953d7f591364e885af27cc2b796e420c8976,dissolve(0-1) | present(0-2) => strong_suppress,e453e66f12c13b260fb2de68ee4f160a280e5b20d27ad8c54bd4afa8033df8d7,0.0,0/1,0.1111111111111111,1/9,0.5232558139534884,45/86,0,1,45/86,45/86,1,2,FULLY_REDUCIBLE,0.00436046511627907,3/688,0.3755547337278107,2031/5408,-0.02288276627218935,-495/21632,1d5f44c13a40bfd8,rational,0.0,True,23/172,23/172,1/2,0,0.1511627906976744,13/86,0.10465116279069768,9/86
3,2,3,W4,-0.027777777777777776,-1/36,0.0017370250246976219,0.0,P->P,,0,0/1,1.9830278467146443,False,206eb83c33ef32bf22ebb89addc13a554a5312f702cc86ebd1539df2382062c3,dissolve(0-1) | present(0-2) => weak_favour,1e8c187f8d014881a3f6add1c1c51a5cea99c0a78c9b6d39cb760d1a42b92052,0.0,0/1,0.08333333333333333,1/12,0.4855072463768116,67/138,0,1,67/138,67/138,1,2,FULLY_REDUCIBLE,0.002717391304347826,1/368,0.41625,333/800,0.0178125,57/3200,1e210dc2a2b083cc,rational,0.0,True,11/92,11/92,1/2,0,0.10869565217391304,5/46,0.06521739130434782,3/46
3,1,3,W4,0.0,0/1,0.0,0.017801027300536943,T->T,,1,9/520,1.969972344187447,False,d1ee7a1d36c34ebe8b8756f203ac4543e1209222fd3ae2705302f95008f9da23,form(0-1-2) => weak_favour,9663b290f8e9529babeb5c07e1294e2809b12c8420b434585f9f92dc4c3474aa,0.0,0/1,0.0,0/1,0.5,1/2,0,1,1/2,1/2,0,2,FULLY_REDUCIBLE,0.0,0/1,0.3078,1539/5000,-0.0906375,-7251/80000,20b32b5165d6ea08,rational,0.0,True,2/13,2/13,8/13,1,0.125,1/8,0.11538461538461539,3/26
3,2,3,W4,-0.027777777777777776,-1/36,0.0017370250246976214,0.0,P->P,,0,0/1,1.9830278467146423,False,0b48272fc78c3da314e9f352dcb3ab4bec549cd20aeb9a8b696769685d0518cd,dissolve(0-1) | absent(0-2) => weak_favour,7c9c1eca5a793ca87c6916a59dace8f171230e25cb8f4ead7307edecf6c7a4e7,0.0,0/1,0.16666666666666666,1/6,0.47101449275362317,65/138,0,1,65/138,65/138,1,2,FULLY_REDUCIBLE,0.002717391304347826,1/368,0.38121875,12199/32000,-0.01721875,-551/32000,20c1e58c6513aab1,rational,0.0,True,11/92,11/92,1/2,0,0.10869565217391304,5/46,0.06521739130434782,3/46
3,2,3,W4,-0.037037037037037035,-1/27,0.0012572035931287355,0.02495145619757121,T->P,,1,27/1768,1.9559468915310283,False,0713d20bacf7aa173a50bfaec2c68d73ffb9ba689d16694c4a5846e3a53377b2,form(0-1) | present(0-1-2) => strong_suppress,8d31ead5a9bf64368153ed232cee55333c559d7b053fb496456604c88deafef1,0.0,0/1,0.2222222222222222,2/9,0.46511627906976744,20/43,0,1,11/23,9/20,1,2,IRREDUCIBLE_DYNAMIC_COUPLING,0.00436046511627907,3/688,0.3922500853436504,110307/281216,-0.006187414656349567,-435/70304,21bbb00622657c55,rational,0.0,True,23/172,23/172,20/43,1,0.09883720930232558,17/172,0.10465116279069768,9/86
3,2,3,W4,-0.1111111111111111,-1/9,0.0054544843252268115,0.0,P->P,,0,0/1,1.8616541669070545,False,15ac6d5920172320d94287cc5c1c7bc4816773ed500e1110c83173e57c01f724,form(0-1) | present(0-2) => prohibit,39003dfa5a536dff97d34df7af8a3a2b027a479c11a9ebf7c1abc5972edebb7b,0.0,0/1,0.3333333333333333,1/3,0.42592592592592593,23/54,0,1,23/54,23/54,1,2,FULLY_REDUCIBLE,0.006944444444444444,1/144,0.38208912037037035,2641/6912,-0.01634837962962963,-113/6912,26547f5c5927a0e7,rational,0.0,False,5/36,5/36,1/2,0,0.05555555555555555,1/18,0.16666666666666666,1/6
3,1,3,W4,0.0,0/1,0.0,0.03248414953594926,T->T,,1,81/1768,1.888571549166718,False,128c42e1ac6bb2f26fddb4fc9511573f0105c8e8286c0d5a6a2c833ef7e8faac,form(0-1-2) => strong_suppress,b5c68026d42b4d61c6bfabcd6e0b34330126e908d765457ecffdda22643092e9,0.0,0/1,0.0,0/1,0.5,1/2,0,1,1/2,1/2,0,2,FULLY_REDUCIBLE,0.0,0/1,0.56492901158923,258159/456976,0.16649151158923006,608661/3655808,27ea745e4bad50fa,rational,0.0,True,1/17,1/17,4/17,1,0.125,1/8,0.2647058823529412,9/34
2,1,3,W4,0.05555555555555555,1/18,0.0024371088220947116,0.0,P->P,,0,0/1,1.9699723441874477,False,62bcbf8e05a243d8fd4a680da926dc6ad605d525b18e0536b51ead7547a5845d,form(0-1) => weak_favour,260a83c5a1820332a1ad9dcdfc51d69264f4d5a186d70eafe0b015103ba50918,0.0,0/1,0.16666666666666666,1/6,0.5384615384615384,7/13,0,1,7/13,7/13,1,2,FULLY_REDUCIBLE,0.0,0/1,0.4447,4447/10000,0.0462625,3701/80000,29a295cd6fdeeb2a,rational,0.0,True,3/26,3/26,1/2,0,0.15384615384615385,2/13,0.11538461538461539,3/26
3,2,3,W4,-0.044444444444444446,-2/45,0.0009523636833856218,0.0,P->P,,0,0/1,1.9860593781761293,False,29460c36235959fb8e451406cf443e8d074c1442db6cf0b450ba6f6e9b594e9b,form(0-1) | present(0-2) => weak_suppress,30ffd10b34bea4187523facd37d8d25a0e148c7d261a68716dda76c06677bd41,0.0,0/1,0.13333333333333333,2/15,0.47333333333333333,71/150,0,1,71/150,71/150,1,2,FULLY_REDUCIBLE,0.0025,1/400,0.39027195699708456,34269/87808,-0.008165543002915452,-717/87808,2a8a7dae656031f3,rational,0.0,True,13/100,13/100,1/2,0,0.1,1/10,0.06,3/50
3,2,3,W4,0.037037037037037035,1/27,0.0012572035931287355,0.024951456197571213,T->P,,1,27/1768,1.9559468915310276,False,5d12ff540fe28389165ad0869333a6e39e1e1fe7b1e793573455dc44b9fae678,dissolve(0-1) | absent(0-1-2) => strong_suppress,6280bbd878ee3dc28bad86aaf16c4e3192add2c9f54c8d81de27ba1c4eb700ef,0.0,0/1,0.2222222222222222,2/9,0.5348837209302325,23/43,0,1,11/20,12/23,1,2,IRREDUCIBLE_DYNAMIC_COUPLING,0.00436046511627907,3/688,0.4066624943104233,14295/35152,0.008224994310423304,2313/281216,2ac527877554a12e,rational,0.0,True,23/172,23/172,23/43,1,0.1511627906976744,13/86,0.10465116279069768,9/86
2,1,3,W4,0.1111111111111111,1/9,0.010933697716975888,0.0,P->P,,0,0/1,1.897890628452315,False,de545a79ff9dac2e0ce386e30416934f6c1805c9880763b4ab65ab91b0c83c77,form(0-1) => strong_favour,260a83c5a1820332a1ad9dcdfc51d69264f4d5a186d70eafe0b015103ba50918,0.0,0/1,0.3333333333333333,1/3,0.5652173913043478,13/23,0,1,13/23,13/23,1,2,FULLY_REDUCIBLE,0.0,0/1,0.4783944189920866,9189/19208,0.07995691899208664,24573/307328,2f070fb2d57a7beb,rational,0.0,True,5/46,5/46,1/2,0,0.17391304347826086,4/23,0.1956521739130435,9/46
3,2,3,W4,0.0,0/1,0.008096418727941482,0.009511258562061526,P->T,,1,7/880,1.9830278467146445,False,c73f2d0932360850b8c41fd8438577a027b926802292e488d174e4f6cf1faf43,form(0-1-2) | present(0-1) => weak_favour,76c798a3419741fd24ec05e587acfcd6bf2c2eae51838f06cffa9e205ee1237c,0.0,0/1,0.0,0/1,0.5072463768115942,35/69,0,1,1/2,20/39,1,2,PAIRWISE_PROJECTION_REDUCIBLE,0.002717391304347826,1/368,0.362,181/500,-0.0364375,-583/16000,316bda0224558113,rational,0.0,True,13/92,13/92,13/23,1,0.13043478260869565,3/23,0.06521739130434782,3/46
3,2,3,W4,-0.05555555555555555,-1/18,0.001998589279514246,0.0919502539800199,T->P,,1,1/24,1.8616541669070537,False,242dd6a5d7ab46f815d220c6aaaf610d4fd572caa069f0fbd26337ac142a1d1d,form(0-1) | absent(0-1-2) => prohibit,eaa16c36a69e4250c9b7dd355f7825f275371948334e330587fd1e52f70aed24,0.0,0/1,0.3333333333333333,1/3,0.4444444444444444,4/9,0,1,5/12,7/15,1,2,IRREDUCIBLE_DYNAMIC_COUPLING,0.006944444444444444,1/144,0.30324074074074076,131/432,-0.09519675925925926,-329/3456,318071163b65a2a5,rational,0.0,False,5/36,5/36,5/9,1,0.08333333333333333,1/12,0.16666666666666666,1/6
2,1,3,W4,-0.1111111111111111,-1/9,0.010933697716975888,0.0,P->P,,0,0/1,1.8978906284523143,False,68083dfc25411243bccba24c472e49c748dc50ed62471684f98137433cbfe465,dissolve(0-1) => strong_favour,fc9629243d58fad84303908c8faf6e57efaea48fd06a8b98ed3d06e694365de0,0.0,0/1,0.3333333333333333,1/3,0.43478260869565216,10/23,0,1,10/23,10/23,1,2,FULLY_REDUCIBLE,0.0,0/1,0.3852496355685131,8457/21952,-0.01318786443148688,-579/43904,33851076d965a19f,rational,0.0,True,5/46,5/46,1/2,0,0.07608695652173914,7/92,0.1956521739130435,9/46
3,2,3,W4,0.0,0/1,0.029748441981559518,0.03923145953317011,P->T,,1,351/9520,1.9365266068757634,False,c8b4501cd4419462d51322a16bb20037b92fcb8bd7641c4b4400ad331834bbcf,dissolve(0-1-2) | present(0-1) => strong_favour,f02a2f0fa4ca00b4179bc8efae24c07148490556487892934ddeab8061cef9bc,0.0,0/1,0.0,0/1,0.5135135135135135,19/37,0,1,12/23,1/2,1,2,PAIRWISE_PROJECTION_REDUCIBLE,0.005067567567567568,3/592,0.35060586734693877,2199/6272,-0.04783163265306122,-75/1568,3a8c182961c9b776,rational,0.0,True,23/148,23/148,14/37,1,0.13513513513513514,5/37,0.12162162162162163,9/74
3,2,3,W4,0.05555555555555555,1/18,0.006388134034178415,0.029748441981559518,T->P,,1,27/616,1.936526606875764,False,808d88cd9ebcdcd0553c79ce9673badfe3e06f706b0403f63e509bd85a535341,form(0-1) | present(0-1-2) => strong_favour,518900be046730c0603c15198f64d86c5da86965d1acb3537319464c6aa57c6c,0.0,0/1,0.3333333333333333,1/3,0.5405405405405406,20/37,0,1,9/17,11/20,1,2,IRREDUCIBLE_DYNAMIC_COUPLING,0.005067567567567568,3/592,0.41347029883381925,18153/43904,0.015032798833819243,165/10976,44d8774dfa87519f,rational,0.0,True,17/148,17/148,20/37,1,0.1554054054054054,23/148,0.12162162162162163,9/74
3,2,3,W4,0.0,0/1,0.0009523636833856218,0.0,P->P,,0,0/1,1.9860593781761307,False,34da2c7d50d4c52fe96447aadf682a5f780be679a2c9cc8f527aa041504d409a,form(0-1) | absent(0-2) => weak_suppress,8dd253ac44e62d032db42a942d5d96134a46e38cbbe62f873c4aed58efab1e77,0.0,0/1,0.06666666666666667,1/15,0.4866666666666667,73/150,0,1,73/150,73/150,1,2,FULLY_REDUCIBLE,0.0025,1/400,0.36598032069970843,4017/10976,-0.032457179300291544,-1425/43904,4c26647780629fa1,rational,0.0,True,13/100,13/100,1/2,0,0.12,3/25,0.06,3/50
3,2,3,W4,0.0,0/1,0.007421132102193111,0.006257881965191782,P->T,,1,1/208,1.9860593781761307,False,6cabd56744d5aab35645d4b097a9aaf9491b98f415fc92d1773b111693eff267,form(0-1-2) | absent(0-1) => weak_suppress,1bc1ee6df5e6e084edd055e2c4aa529ee4806243446f9d468ed22c5c9ea6da63,0.0,0/1,0.0,0/1,0.5066666666666667,38/75,0,1,1/2,17/33,1,2,PAIRWISE_PROJECTION_REDUCIBLE,0.0025,1/400,0.45371720116618075,1245/2744,0.05527970116618076,2427/43904,50fc4e5a3040d734,rational,0.0,True,11/100,11/100,11/25,1,0.13,13/100,0.06,3/50
3,1,3,W4,0.0,0/1,0.0,0.01250916764696687,T->T,,1,9/616,1.9683167685821135,False,db8ddeae28ae3dbcc8808a496c89edbd801e0f8cc7407b8c6bcdb108ed4bbfd7,form(0-1-2) => weak_suppress,b5c68026d42b4d61c6bfabcd6e0b34330126e908d765457ecffdda22643092e9,0.0,0/1,0.0,0/1,0.5,1/2,0,1,1/2,1/2,0,2,FULLY_REDUCIBLE,0.0,0/1,0.4922167846730529,18909/38416,0.0937792846730529,28821/307328,510779b22d9ee214,rational,0.0,True,1/11,1/11,4/11,1,0.125,1/8,0.13636363636363635,3/22
3,2,3,W4,0.0,0/1,0.007421132102193111,0.006257881965191782,P->T,,1,1/208,1.98605937817613,False,d34bba090b60148a640e0d4beb867074252a995fced25bc900dba35e78e557bb,dissolve(0-1-2) | absent(0-1) => weak_suppress,c3761d3a6493d72b0759857d3455f73f222d2ad05784a4f46f66e78b184d9d12,0.0,0/1,0.0,0/1,0.5066666666666667,38/75,0,1,17/33,1/2,1,2,PAIRWISE_PROJECTION_REDUCIBLE,0.0025,1/400,0.42239887026239065,18545/43904,0.02396137026239067,263/10976,5331b9dab6eb125a,rational,0.0,True,11/100,11/100,14/25,1,0.13,13/100,0.06,3/50
3,2,3,W4,0.0,0/1,0.007421132102193112,0.00625788196519178,P->T,,1,1/208,1.986059378176129,False,4b602cb9e4745adfa9bccf8c45a9a01c931a72571e8ed33b7aa2279ec1276d28,dissolve(0-1-2) | present(0-1) => weak_suppress,b0935edc558796d252541b58ffc9c81a9fccb0cc967b7b771f9edb0e59ea4e5e,0.0,0/1,0.0,0/1,0.49333333333333335,37/75,0,1,16/33,1/2,1,2,PAIRWISE_PROJECTION_REDUCIBLE,0.0025,1/400,0.4169323979591837,2615/6272,0.018494897959183673,29/1568,56411ef44a8f13fe,rational,0.0,True,11/100,11/100,14/25,1,0.12,3/25,0.06,3/50
3,1,3,W4,0.0,0/1,0.0,0.017801027300536943,T->T,,1,9/520,1.9699723441874486,False,014fc9d209ce82911a32bda46638cf606f446c728b2243069e57046289d0bde8,dissolve(0-1-2) => weak_favour,827f5b13e04ce2d23d1a7006c7205fb8e302b73448086bc8f150f43ee55b9e7c,0.0,0/1,0.0,0/1,0.5,1/2,0,1,1/2,1/2,0,2,FULLY_REDUCIBLE,0.0,0/1,0.3493125,5589/16000,-0.049125,-393/8000,5699fdfea3e22616,rational,0.0,True,2/13,2/13,5/13,1,0.125,1/8,0.11538461538461539,3/26
2,1,3,W4,-0.044444444444444446,-2/45,0.0010821659130775022,0.0,P->P,,0,0/1,1.9683167685821141,False,e6c57e8f38d72fa49be4bb53c870f1c67d9e9793be275144cb30fe99a45d87ef,form(0-1) => weak_suppress,71d8399a7585bca99a9faa4fffec60aa11b8cc4b83654828b7a64940fd0fddb4,0.0,0/1,0.13333333333333333,2/15,0.45454545454545453,5/11,0,1,5/11,5/11,1,2,FULLY_REDUCIBLE,0.0,0/1,0.3575723656809663,27473/76832,-0.040865134319033734,-12559/307328,57433002cd63e46b,rational,0.0,True,3/22,3/22,1/2,0,0.09090909090909091,1/11,0.13636363636363635,3/22
3,2,3,W4,0.022222222222222223,1/45,0.0009523636833856219,0.0,P->P,,0,0/1,1.9860593781761302,False,d4967da0aa989e76cd2df25c3a6671da24d6c41e82e526f5ac661f15b9ba031f,dissolve(0-1) | present(0-2) => weak_suppress,e453e66f12c13b260fb2de68ee4f160a280e5b20d27ad8c54bd4afa8033df8d7,0.0,0/1,0.06666666666666667,1/15,0.5133333333333333,77/150,0,1,77/150,77/150,1,2,FULLY_REDUCIBLE,0.0025,1/400,0.38456632653061223,603/1568,-0.013871173469387755,-87/6272,5bd04e2bbeb59986,rational,0.0,True,13/100,13/100,1/2,0,0.14,7/50,0.06,3/50
3,2,3,W4,0.0,0/1,0.0017370250246976219,0.0,P->P,,0,0/1,1.9830278467146438,False,5c22db869d01841f41d4607ae9cebc2442fdd69421c995ecb8cc4d3402647783,form(0-1) | absent(0-2) => weak_favour,d1d309b69f0eba32fb4343d23d4ed616970c8ef6ec36dc601b3cd6722029fa58,0.0,0/1,0.08333333333333333,1/12,0.5144927536231884,71/138,0,1,71/138,71/138,1,2,FULLY_REDUCIBLE,0.002717391304347826,1/368,0.43275,1731/4000,0.0343125,549/16000,5f568188101f1644,rational,0.0,True,11/92,11/92,1/2,0,0.13043478260869565,3/23,0.06521739130434782,3/46
3,2,3,W4,0.05555555555555555,1/18,0.001998589279514245,0.0919502539800199,T->P,,1,1/24,1.8616541669070537,False,d0f3d8d471b66f991609c535a357cbc493e0900387dcf1400fa7f0c53314869d,dissolve(0-1) | absent(0-1-2) => prohibit,5152d085961c90e2054ce67b5bc2487fcd87c468c3d381396c0d17c455b46499,0.0,0/1,0.3333333333333333,1/3,0.5555555555555556,5/9,0,1,7/12,8/15,1,2,IRREDUCIBLE_DYNAMIC_COUPLING,0.006944444444444444,1/144,0.4085648148148148,353/864,0.010127314814814815,35/3456,69b1c8edee646ae1,rational,0.0,False,5/36,5/36,5/9,1,0.16666666666666666,1/6,0.16666666666666666,1/6
3,2,3,W4,0.1111111111111111,1/9,0.007808697029671383,0.0,P->P,,0,0/1,1.9365266068757632,False,c46f2d9d7c0f72f8f376dc7df6599299ae888510c8aad100f7dab41b26c62b5f,form(0-1) | present(0-2) => strong_favour,57b2dc763f8c5583f3e068854294301568cb71c234b696911e70c9cf2906e583,0.0,0/1,0.3333333333333333,1/3,0.5540540540540541,41/74,0,1,41/74,41/74,1,2,FULLY_REDUCIBLE,0.005067567567567568,3/592,0.43045052842565595,37797/87808,0.032013028425655975,2811/87808,6db0090e614349de,rational,0.0,True,17/148,17/148,1/2,0,0.17567567567567569,13/74,0.12162162162162163,9/74
3,2,3,W4,0.05555555555555555,1/18,0.006388134034178416,0.02974844198155952,T->P,,1,27/616,1.9365266068757634,False,4ac90c8b7ab2db52b515a61a7c267b1d9a5ba892e1c283f1b49633808df0f876,form(0-1) | absent(0-1-2) => strong_favour,e361fa0f896933c6186a6c42181afcf28ec7fccad6d0bc5157629dd0f08278c2,0.0,0/1,0.3333333333333333,1/3,0.5405405405405406,20/37,0,1,11/20,9/17,1,2,IRREDUCIBLE_DYNAMIC_COUPLING,0.005067567567567568,3/592,0.4695699708454811,2577/5488,0.07113247084548105,3123/43904,6e60fd6ce1a4d458,rational,0.0,True,17/148,17/148,17/37,1,0.1554054054054054,23/148,0.12162162162162163,9/74
3,2,3,W4,-0.05555555555555555,-1/18,0.007808697029671385,0.0,P->P,,0,0/1,1.9365266068757632,False,a7202d2076f6daa636f21de0850af9c71fbdb29da4526450f96dbbb1f330d3a3,dissolve(0-1) | absent(0-2) => strong_favour,7c9c1eca5a793ca87c6916a59dace8f171230e25cb8f4ead7307edecf6c7a4e7,0.0,0/1,0.3333333333333333,1/3,0.44594594594594594,33/74,0,1,33/74,33/74,1,2,FULLY_REDUCIBLE,0.005067567567567568,3/592,0.3582930940233236,31461/87808,-0.04014440597667639,-3525/87808,703996c0c0505230,rational,0.0,True,17/148,17/148,1/2,0,0.0945945945945946,7/74,0.12162162162162163,9/74
3,2,3,W4,-0.05555555555555555,-1/18,0.0019985892795142454,0.09195025398001991,T->P,,1,1/24,1.8616541669070545,False,1956bb673f5536de95fe0e205f2e457256924ba3263456c4f31ed701eab52605,form(0-1) | present(0-1-2) => prohibit,0a2e4312ec4d09d40f0fd340a68e2e93a490194ad9f6444ac8fe74cba9bb7711,0.0,0/1,0.3333333333333333,1/3,0.4444444444444444,4/9,0,1,7/15,5/12,1,2,IRREDUCIBLE_DYNAMIC_COUPLING,0.006944444444444444,1/144,0.39033564814814814,1349/3456,-0.008101851851851851,-7/864,721b895b94c57fbb,rational,0.0,False,5/36,5/36,4/9,1,0.08333333333333333,1/12,0.16666666666666666,1/6
3,2,3,W4,0.05555555555555555,1/18,0.0017370250246976223,0.0,P->P,,0,0/1,1.9830278467146438,False,71d1d83b54f38c80d6f7199cf9ce2f9c0e9797a6cdab614f5bfaeea0632ec499,form(0-1) | present(0-2) => weak_favour,57b2dc763f8c5583f3e068854294301568cb71c234b696911e70c9cf2906e583,0.0,0/1,0.16666666666666666,1/6,0.5289855072463768,73/138,0,1,73/138,73/138,1,2,FULLY_REDUCIBLE,0.002717391304347826,1/368,0.41221875,13191/32000,0.01378125,441/32000,7b3fb1c5647a79e9,rational,0.0,True,11/92,11/92,1/2,0,0.15217391304347827,7/46,0.06521739130434782,3/46
3,1,3,W4,0.0,0/1,0.0,0.01250916764696687,T->T,,1,9/616,1.9683167685821141,False,3fb16befdc1649cb640a1e9c414989a1c5d2dddbaa87a8e583cdb10fbcef3a17,dissolve(0-1-2) => weak_suppress,43a3a1cde08463796b5ab407abca3359cac08dff86e9e91eea800de5b373f1fd,0.0,0/1,0.0,0/1,0.5,1/2,0,1,1/2,1/2,0,2,FULLY_REDUCIBLE,0.0,0/1,0.4425792638483965,19431/43904,0.0441417638483965,969/21952,7bde12970d9bd908,rational,0.0,True,1/11,1/11,7/11,1,0.125,1/8,0.13636363636363635,3/22
3,2,3,W4,0.0,0/1,0.00809641872794148,0.009511258562061527,P->T,,1,7/880,1.9830278467146436,False,d3a59747f275b682c50d995ae9154ef9e726c7ca30d665aa121173d78f5f08c5,form(0-1-2) | absent(0-1) => weak_favour,9210cabaebbf689370f01251e1008738a2c4a0dae2bfbbd7b46abc646905a11b,0.0,0/1,0.0,0/1,0.4927536231884058,34/69,0,1,1/2,19/39,1,2,PAIRWISE_PROJECTION_REDUCIBLE,0.002717391304347826,1/368,0.33375,267/800,-0.0646875,-207/3200,8a2f6715e639d097,rational,0.0,True,13/92,13/92,13/23,1,0.11956521739130435,11/92,0.06521739130434782,3/46
3,2,3,W4,0.0,0/1,0.008096418727941479,0.009511258562061527,P->T,,1,7/880,1.9830278467146427,False,5eb2bf02817f5668638517b376f49fc10910d3a7ae44b9f6a2c1799ecaadefdc,dissolve(0-1-2) | present(0-1) => weak_favour,f02a2f0fa4ca00b4179bc8efae24c07148490556487892934ddeab8061cef9bc,0.0,0/1,0.0,0/1,0.5072463768115942,35/69,0,1,20/39,1/2,1,2,PAIRWISE_PROJECTION_REDUCIBLE,0.002717391304347826,1/368,0.3746875,1199/3200,-0.02375,-19/800,8bb865b613c55ca8,rational,0.0,True,13/92,13/92,10/23,1,0.13043478260869565,3/23,0.06521739130434782,3/46
3,2,3,W4,0.0,0/1,0.029748441981559518,0.039231459533170095,P->T,,1,351/9520,1.9365266068757634,False,3e5052b2f2cfd771d3550267ce2ca8208f6bcd11ec6a4dbc71964ccab940b790,form(0-1-2) | present(0-1) => strong_favour,76c798a3419741fd24ec05e587acfcd6bf2c2eae51838f06cffa9e205ee1237c,0.0,0/1,0.0,0/1,0.5135135135135135,19/37,0,1,1/2,12/23,1,2,PAIRWISE_PROJECTION_REDUCIBLE,0.005067567567567568,3/592,0.32962827988338195,1809/5488,-0.06880922011661808,-3021/43904,905907ad19f5e4c7,rational,0.0,True,23/148,23/148,23/37,1,0.13513513513513514,5/37,0.12162162162162163,9/74
3,2,3,W4,0.022222222222222223,1/45,0.0005463969665914529,0.007421132102193113,T->P,,1,3/616,1.98605937817613,False,9bdd5f3e4eeb4d989f6ff6a6edc1420d72d0c5d75725ca9881581bf0dc023d33,dissolve(0-1) | absent(0-1-2) => weak_suppress,6280bbd878ee3dc28bad86aaf16c4e3192add2c9f54c8d81de27ba1c4eb700ef,0.0,0/1,0.13333333333333333,2/15,0.52,13/25,0,1,19/36,20/39,1,2,IRREDUCIBLE_DYNAMIC_COUPLING,0.0025,1/400,0.4041545189504373,1109/2744,0.005717018950437318,251/43904,92b63705cb5e849a,rational,0.0,True,13/100,13/100,13/25,1,0.14,7/50,0.06,3/50
3,2,3,W4,-0.05555555555555555,-1/18,0.006388134034178416,0.029748441981559518,T->P,,1,27/616,1.9365266068757627,False,3a77feae76db6c50b045a0fde8ed1a7d258ca96968078e5c2fb079da6221af77,dissolve(0-1) | present(0-1-2) => strong_favour,db6be5f778d0c6cd299dfb0eab55f1cd1106de78b6c5714032d26d906e46c2f0,0.0,0/1,0.3333333333333333,1/3,0.4594594594594595,17/37,0,1,8/17,9/20,1,2,IRREDUCIBLE_DYNAMIC_COUPLING,0.005067567567567568,3/592,0.4194834183673469,2631/6272,0.021045918367346938,33/1568,953406ef36c362d0,rational,0.0,True,17/148,17/148,20/37,1,0.0945945945945946,7/74,0.12162162162162163,9/74
3,2,3,W4,0.05555555555555555,1/18,0.005454484325226813,0.0,P->P,,0,0/1,1.861654166907053,False,3d25bc2e290e33b52c44301df32d6567f42320522472434cc210a90959deafc3,dissolve(0-1) | absent(0-2) => prohibit,e8fbf950af5c39431be9767aaf4dbf93c9eb03b553afb1d59027f467805bb617,0.0,0/1,0.3333333333333333,1/3,0.5740740740740741,31/54,0,1,31/54,31/54,1,2,FULLY_REDUCIBLE,0.006944444444444444,1/144,0.4191261574074074,2897/6912,0.02068865740740741,143/6912,97976c3a18c8d08d,rational,0.0,False,5/36,5/36,1/2,0,0.16666666666666666,1/6,0.16666666666666666,1/6
3,2,3,W4,-0.022222222222222223,-1/45,0.0005463969665914529,0.0074211321021931155,T->P,,1,3/616,1.9860593781761302,False,008239cab227fbf09accf501070553a8af54889d947ceb13b111dc9af1e763d1,form(0-1) | present(0-1-2) => weak_suppress,8d31ead5a9bf64368153ed232cee55333c559d7b053fb496456604c88deafef1,0.0,0/1,0.13333333333333333,2/15,0.48,12/25,0,1,19/39,17/36,1,2,IRREDUCIBLE_DYNAMIC_COUPLING,0.0025,1/400,0.3943376457725947,17313/43904,-0.004099854227405247,-45/10976,a0e8d7487ea2b20c,rational,0.0,True,13/100,13/100,12/25,1,0.11,11/100,0.06,3/50
3,2,3,W4,0.037037037037037035,1/27,0.0025434723409260146,0.0,P->P,,0,0/1,1.955946891531027,False,2dd14b7f76d9a5754e13c3c8ddbdcb09b750053a8469e8f1f65ad96371f9cfc0,dissolve(0-1) | absent(0-2) => strong_suppress,bc831effea9d59b6eee11f50ed393c4990a8d93a31febc6cdf7410b35cd35665,0.0,0/1,0.2222222222222222,2/9,0.5465116279069767,47/86,0,1,47/86,47/86,1,2,FULLY_REDUCIBLE,0.00436046511627907,3/688,0.4139860463131543,232839/562432,0.015548546313154301,8745/562432,a7021b2edd0583f0,rational,0.0,True,23/172,23/172,1/2,0,0.1511627906976744,13/86,0.10465116279069768,9/86
3,2,3,W4,0.0,0/1,0.09195025398001994,0.05976468244543586,P->T,,1,1/16,1.8616541669070539,False,e32ca6072cef45472e0cc2871162e2c3f8405ba23f5981eaa030e085fd873e9f,form(0-1-2) | present(0-1) => prohibit,54c0c35e141fda3504f2cd14344c6309e6bbe608449b07d50c94b14726d70953,0.0,0/1,0.0,0/1,0.48148148148148145,13/27,0,1,1/2,4/9,1,2,PAIRWISE_PROJECTION_REDUCIBLE,0.006944444444444444,1/144,0.4791666666666667,23/48,0.08072916666666667,31/384,a807d0d1c7ce5421,rational,0.0,False,1/12,1/12,1/3,1,0.1111111111111111,1/9,0.16666666666666666,1/6
3,2,3,W4,0.0,0/1,0.0025434723409260163,0.0,P->P,,0,0/1,1.9559468915310276,False,0899378963d04affb47fc1f2306654573cb46ad5f7df504113e369626dbfbd7f,form(0-1) | absent(0-2) => strong_suppress,8dd253ac44e62d032db42a942d5d96134a46e38cbbe62f873c4aed58efab1e77,0.0,0/1,0.1111111111111111,1/9,0.47674418604651164,41/86,0,1,41/86,41/86,1,2,FULLY_REDUCIBLE,0.00436046511627907,3/688,0.3424413973600364,24075/70304,-0.05599610263996359,-15747/281216,b298ff9784acb1f0,rational,0.0,True,23/172,23/172,1/2,0,0.11627906976744186,5/43,0.10465116279069768,9/86
3,1,3,W4,0.0,0/1,0.0,0.0,T->T,,0,0/1,1.584962500721156,False,4ea1b7b91ff5f1ee893bc07b32f81ac7eb23c81f35c3e9a8924040c894056351,dissolve(0-1-2) => prohibit,7e3da3fe5ae56a339d4f75c1a59ffbeb72f00c5a83a1cc40ad474396ba8408d6,0.0,0/1,0.0,0/1,0.5,1/2,0,1,,1/2,0,2,FULLY_REDUCIBLE,0.0,0/1,0.5147569444444444,593/1152,0.11631944444444445,67/576,b2d8bfbd8396cf39,rational,0.0,False,0/1,0/1,1/1,0,0.125,1/8,0.5,1/2
3,2,3,W4,-0.027777777777777776,-1/36,0.0013079165079469546,0.00809641872794148,T->P,,1,1/120,1.9830278467146436,False,b8c909f2b9b4493fb5c9262325115ce111d4a2755fcabe43709c2663e43dbdc4,dissolve(0-1) | absent(0-1-2) => weak_favour,a3d2ab38486eb7ce8b512d8a74b281312be6ab4e5efafe4eb47e4d8656451179,0.0,0/1,0.16666666666666666,1/6,0.4782608695652174,11/23,0,1,17/36,16/33,1,2,IRREDUCIBLE_DYNAMIC_COUPLING,0.002717391304347826,1/368,0.38725,1549/4000,-0.0111875,-179/16000,b58afc64595f83d8,rational,0.0,True,11/92,11/92,11/23,1,0.10869565217391304,5/46,0.06521739130434782,3/46
3,2,3,W4,-0.027777777777777776,-1/36,0.0013079165079469546,0.008096418727941482,T->P,,1,1/120,1.9830278467146432,False,45444a353e58a88dcd9b915b0ca875bc7cb7a3adc484d215182733bc15961033,dissolve(0-1) | present(0-1-2) => weak_favour,db6be5f778d0c6cd299dfb0eab55f1cd1106de78b6c5714032d26d906e46c2f0,0.0,0/1,0.16666666666666666,1/6,0.4782608695652174,11/23,0,1,16/33,17/36,1,2,IRREDUCIBLE_DYNAMIC_COUPLING,0.002717391304347826,1/368,0.4096875,1311/3200,0.01125,9/800,b718db89dce02028,rational,0.0,True,11/92,11/92,12/23,1,0.10869565217391304,5/46,0.06521739130434782,3/46
3,2,3,W4,0.0,0/1,0.029748441981559515,0.039231459533170095,P->T,,1,351/9520,1.9365266068757632,False,e73926affb9a094beb6e3cd315f3d147ea8447690dad7c8f59e34d2e44d0f524,form(0-1-2) | absent(0-1) => strong_favour,9210cabaebbf689370f01251e1008738a2c4a0dae2bfbbd7b46abc646905a11b,0.0,0/1,0.0,0/1,0.4864864864864865,18/37,0,1,1/2,11/23,1,2,PAIRWISE_PROJECTION_REDUCIBLE,0.005067567567567568,3/592,0.275783527696793,3027/10976,-0.122653972303207,-5385/43904,b82e91ab336e5a39,rational,0.0,True,23/148,23/148,23/37,1,0.11486486486486487,17/148,0.12162162162162163,9/74
3,2,3,W4,0.0,0/1,0.09195025398001992,0.05976468244543587,P->T,,1,1/16,1.861654166907053,False,7e4856e388b0e5b815dcde8dfee308a09fd61e526387735144277a56901bc212,form(0-1-2) | absent(0-1) => prohibit,00061132f5885f5014b60b5cf2a1a8f44a0268260f2b5cf99f767b0ebf810e15,0.0,0/1,0.0,0/1,0.5185185185185185,14/27,0,1,1/2,5/9,1,2,PAIRWISE_PROJECTION_REDUCIBLE,0.006944444444444444,1/144,0.5405092592592593,467/864,0.14207175925925927,491/3456,b89043e85895481f,rational,0.0,False,1/12,1/12,1/3,1,0.1388888888888889,5/36,0.16666666666666666,1/6
3,2,3,W4,0.0,0/1,0.007808697029671385,0.0,P->P,,0,0/1,1.9365266068757643,False,3ac9bc6d1606c9feb88a7fbad71898668f099325d011c4082b36e37ccb0b8bcc,form(0-1) | absent(0-2) => strong_favour,d1d309b69f0eba32fb4343d23d4ed616970c8ef6ec36dc601b3cd6722029fa58,0.0,0/1,0.16666666666666666,1/6,0.527027027027027,39/74,0,1,39/74,39/74,1,2,FULLY_REDUCIBLE,0.005067567567567568,3/592,0.457817055393586,5025/10976,0.059379555393586005,2607/43904,bdac008943333921,rational,0.0,True,17/148,17/148,1/2,0,0.13513513513513514,5/37,0.12162162162162163,9/74
3,2,3,W4,0.0,0/1,0.0054544843252268115,0.0,P->P,,0,0/1,1.8616541669070539,False,95c4d92161d151a68fbd3a02f9bb55a989fbc85d72cdfbe7869cf60eb58aa16c,form(0-1) | absent(0-2) => prohibit,329bd31569e0759fa16b46747dd0af35d779e65bfe92e0d45fb3dbf24991f220,0.0,0/1,0.16666666666666666,1/6,0.46296296296296297,25/54,0,1,25/54,25/54,1,2,FULLY_REDUCIBLE,0.006944444444444444,1/144,0.3113425925925926,269/864,-0.08709490740740741,-301/3456,bf9c2552c314f258,rational,0.0,False,5/36,5/36,1/2,0,0.1111111111111111,1/9,0.16666666666666666,1/6
3,1,3,W4,0.0,0/1,0.0,0.032484149535949254,T->T,,1,81/1768,1.8885715491667179,False,42c7b2813bd86b481621d1847586bbc323ec8768e043a8115a66985ba36bd697,dissolve(0-1-2) => strong_suppress,43a3a1cde08463796b5ab407abca3359cac08dff86e9e91eea800de5b373f1fd,0.0,0/1,0.0,0/1,0.5,1/2,0,1,1/2,1/2,0,2,FULLY_REDUCIBLE,0.0,0/1,0.47390262289485663,133269/281216,0.07546512289485663,10611/140608,c0190af5def50437,rational,0.0,True,1/17,1/17,13/17,1,0.125,1/8,0.2647058823529412,9/34
3,2,3,W4,0.0,0/1,0.029748441981559515,0.03923145953317009,P->T,,1,351/9520,1.936526606875764,False,475bbf4ada66af05c1f4c57142af847f70ccbd5d217f9a9913eeb9419eafa546,dissolve(0-1-2) | absent(0-1) => strong_favour,1b67a90e7ed9e34127f83cd8da3b87ee11907a87465a028732dd203eaa464e61,0.0,0/1,0.0,0/1,0.4864864864864865,18/37,0,1,11/23,1/2,1,2,PAIRWISE_PROJECTION_REDUCIBLE,0.005067567567567568,3/592,0.3445927478134111,15129/43904,-0.05384475218658892,-591/10976,c32f59140781db63,rational,0.0,True,23/148,23/148,14/37,1,0.11486486486486487,17/148,0.12162162162162163,9/74
3,2,3,W4,0.0,0/1,0.024951456197571206,0.0183247643878374,P->T,,1,27/1840,1.9559468915310279,False,271013170b1009091dbf9738f0b583c92e9d46f715d6dd13180298e22e69f761,dissolve(0-1-2) | absent(0-1) => strong_suppress,c3761d3a6493d72b0759857d3455f73f222d2ad05784a4f46f66e78b184d9d12,0.0,0/1,0.0,0/1,0.5116279069767442,22/43,0,1,9/17,1/2,1,2,PAIRWISE_PROJECTION_REDUCIBLE,0.00436046511627907,3/688,0.43884771847974513,123411/281216,0.04041021847974511,2841/70304,c5541910430573b2,rational,0.0,True,17/172,17/172,26/43,1,0.13372093023255813,23/172,0.10465116279069768,9/86
3,2,3,W4,0.0,0/1,0.007421132102193112,0.006257881965191782,P->T,,1,1/208,1.9860593781761309,False,cc0a574bfd6fcdd41f0f3f9f0f6c2bb91f120002745610159009811d7626fa82,form(0-1-2) | present(0-1) => weak_suppress,21729319f5ff0e60f8525846f881a930b0b7f542fc59d2a61b6241a560eb3611,0.0,0/1,0.0,0/1,0.49333333333333335,37/75,0,1,1/2,16/33,1,2,PAIRWISE_PROJECTION_REDUCIBLE,0.0025,1/400,0.4297558309037901,4717/10976,0.03131833090379009,1375/43904,c9bf530305d12a5a,rational,0.0,True,11/100,11/100,11/25,1,0.12,3/25,0.06,3/50
3,2,3,W4,0.0,0/1,0.024951456197571217,0.01832476438783741,P->T,,1,27/1840,1.9559468915310276,False,8f75b37b81eb77689ccf75e6594c32987915fe68ab1a55f3aa4b504af86bd824,form(0-1-2) | present(0-1) => strong_suppress,21729319f5ff0e60f8525846f881a930b0b7f542fc59d2a61b6241a560eb3611,0.0,0/1,0.0,0/1,0.4883720930232558,21/43,0,1,1/2,8/17,1,2,PAIRWISE_PROJECTION_REDUCIBLE,0.00436046511627907,3/688,0.4514252389622212,31737/70304,0.05298773896222121,14901/281216,cb9fc429d6bdd78d,rational,0.0,True,17/172,17/172,17/43,1,0.11627906976744186,5/43,0.10465116279069768,9/86
3,2,3,W4,0.027777777777777776,1/36,0.0013079165079469546,0.00809641872794148,T->P,,1,1/120,1.9830278467146445,False,36c16f2c2cee5521a240c32bf9291701b22e3c52d5bfd8e16443a2a77f631a66,form(0-1) | present(0-1-2) => weak_favour,518900be046730c0603c15198f64d86c5da86965d1acb3537319464c6aa57c6c,0.0,0/1,0.16666666666666666,1/6,0.5217391304347826,12/23,0,1,17/33,19/36,1,2,IRREDUCIBLE_DYNAMIC_COUPLING,0.002717391304347826,1/368,0.4051875,6483/16000,0.00675,27/4000,cbeed87dbcd94c3c,rational,0.0,True,11/92,11/92,12/23,1,0.14130434782608695,13/92,0.06521739130434782,3/46
2,1,3,W4,-0.1111111111111111,-1/9,0.0,0.0,P->P,,0,0/1,1.584962500721156,False,b64d60df516c49dfd6fac83338ce31b1262a7e8384f0da6ed99b90d0ef7b878c,form(0-1) => prohibit,af2e93e38d16ad60ce142e8426a7638f56aae4018050467bb427e4beeff7eefb,0.0,0/1,0.3333333333333333,1/3,0.3333333333333333,1/3,0,1,1/3,1/3,0,2,FULLY_REDUCIBLE,0.0,0/1,0.2962962962962963,8/27,-0.1021412037037037,-353/3456,d0a7f4273f133311,rational,0.0,False,1/6,1/6,1/2,0,0.0,0/1,0.5,1/2
3,2,3,W4,0.0,0/1,0.09195025398001991,0.05976468244543586,P->T,,1,1/16,1.861654166907053,False,0353dd8e7ba2fc7ea749ba22226b95e800be6b88b9aaa5876660361a1846c2fb,dissolve(0-1-2) | absent(0-1) => prohibit,4cc02665e8c0e257a2444b8b7543bb395344c008c9975e01251b04dfa071b2d2,0.0,0/1,0.0,0/1,0.5185185185185185,14/27,0,1,5/9,1/2,1,2,PAIRWISE_PROJECTION_REDUCIBLE,0.006944444444444444,1/144,0.4597800925925926,1589/3456,0.061342592592592594,53/864,d1251317eddba4ac,rational,0.0,False,1/12,1/12,2/3,1,0.1388888888888889,5/36,0.16666666666666666,1/6
2,1,3,W4,-0.05555555555555555,-1/18,0.002437108822094712,0.0,P->P,,0,0/1,1.969972344187447,False,aaf5facb0f4e6a4b68630070d9a825b258b88813a3fa6dc602c1092c6800193a,dissolve(0-1) => weak_favour,fc9629243d58fad84303908c8faf6e57efaea48fd06a8b98ed3d06e694365de0,0.0,0/1,0.16666666666666666,1/6,0.46153846153846156,6/13,0,1,6/13,6/13,1,2,FULLY_REDUCIBLE,0.0,0/1,0.396875,127/320,-0.0015625,-1/640,d1ac45ea61df004e,rational,0.0,True,3/26,3/26,1/2,0,0.09615384615384616,5/52,0.11538461538461539,3/26
3,2,3,W4,0.022222222222222223,1/45,0.0009523636833856219,0.0,P->P,,0,0/1,1.98605937817613,False,f36e904558389ef53191f1de3a277c9336cc7b6cca1211c119dde473021d9e5e,dissolve(0-1) | absent(0-2) => weak_suppress,bc831effea9d59b6eee11f50ed393c4990a8d93a31febc6cdf7410b35cd35665,0.0,0/1,0.13333333333333333,2/15,0.5266666666666666,79/150,0,1,79/150,79/150,1,2,FULLY_REDUCIBLE,0.0025,1/400,0.4086757470845481,35885/87808,0.010238247084548105,899/87808,d2c84bdd473cd249,rational,0.0,True,13/100,13/100,1/2,0,0.14,7/50,0.06,3/50
3,2,3,W4,0.0,0/1,0.008096418727941479,0.009511258562061529,P->T,,1,7/880,1.983027846714643,False,fc093755f686c4508fa4b30835df4ab9e907f107c4ff07e274b359571a3f09de,dissolve(0-1-2) | absent(0-1) => weak_favour,1b67a90e7ed9e34127f83cd8da3b87ee11907a87465a028732dd203eaa464e61,0.0,0/1,0.0,0/1,0.4927536231884058,34/69,0,1,19/39,1/2,1,2,PAIRWISE_PROJECTION_REDUCIBLE,0.002717391304347826,1/368,0.3701875,5923/16000,-0.02825,-113/4000,d56a276a3d9d4d11,rational,0.0,True,13/92,13/92,10/23,1,0.11956521739130435,11/92,0.06521739130434782,3/46
3,2,3,W4,0.0,0/1,0.09195025398001992,0.05976468244543586,P->T,,1,1/16,1.8616541669070539,False,f4643112c50e73bd2649c1e72f5a5a1f1fa27ca9a71f27562ca8155475782d28,dissolve(0-1-2) | present(0-1) => prohibit,6bfa8772be8dc2c93f3af49fc49679998d403c532dd5c579b3fbed07dff72a2e,0.0,0/1,0.0,0/1,0.48148148148148145,13/27,0,1,4/9,1/2,1,2,PAIRWISE_PROJECTION_REDUCIBLE,0.006944444444444444,1/144,0.4435763888888889,511/1152,0.04513888888888889,13/288,d58da6ec39446ef3,rational,0.0,False,1/12,1/12,2/3,1,0.1111111111111111,1/9,0.16666666666666666,1/6
3,2,3,W4,-0.05555555555555555,-1/18,0.007808697029671382,0.0,P->P,,0,0/1,1.9365266068757636,False,2e65c82c886e621021de5a8e57950438fc665d062ad96d5e5c25192428165e4b,dissolve(0-1) | present(0-2) => strong_favour,1e8c187f8d014881a3f6add1c1c51a5cea99c0a78c9b6d39cb760d1a42b92052,0.0,0/1,0.16666666666666666,1/6,0.47297297297297297,35/74,0,1,35/74,35/74,1,2,FULLY_REDUCIBLE,0.005067567567567568,3/592,0.4343112244897959,681/1568,0.03587372448979592,225/6272,d5d60112ca8d900b,rational,0.0,True,17/148,17/148,1/2,0,0.0945945945945946,7/74,0.12162162162162163,9/74
3,2,3,W4,0.05555555555555555,1/18,0.005454484325226813,0.0,P->P,,0,0/1,1.8616541669070537,False,bbb181dcd553b55e52b6a595d5d59434f0b70ddf654ed86a5c114cb0ee848982,dissolve(0-1) | present(0-2) => prohibit,6fb9ef6d807c81daf666b075ee713b740172e0e2f851d1deffca4347348f5553,0.0,0/1,0.16666666666666666,1/6,0.5370370370370371,29/54,0,1,29/54,29/54,1,2,FULLY_REDUCIBLE,0.006944444444444444,1/144,0.3645833333333333,35/96,-0.033854166666666664,-13/384,d7e6993a55439df4,rational,0.0,False,5/36,5/36,1/2,0,0.16666666666666666,1/6,0.16666666666666666,1/6
2,1,3,W4,0.07407407407407407,2/27,0.0021278822044214977,0.0,P->P,,0,0/1,1.8885715491667179,False,581ad0819a558b9615deb362535ae062afa004856ff086b6a7cb47cf66a14693,dissolve(0-1) => strong_suppress,b4614eac39a11233b0d27e628458e559e31dd1cd7b2d72ee7e49ee1ad1c3d981,0.0,0/1,0.2222222222222222,2/9,0.5882352941176471,10/17,0,1,10/17,10/17,1,2,FULLY_REDUCIBLE,0.0,0/1,0.3876948680018207,54513/140608,-0.010742631998179335,-3021/281216,dd960e8ed7074d12,rational,0.0,True,5/34,5/34,1/2,0,0.19117647058823528,13/68,0.2647058823529412,9/34
3,1,3,W4,0.0,0/1,0.0,0.0,T->T,,0,0/1,1.584962500721156,False,3917153dbb9e1af2d2250c957e82547364e39d1af346d995987ae2be6f2f7400,form(0-1-2) => prohibit,5c01800e4fba773562b6703a665b41aa6cb694b5565c642dc53366e86acf3675,0.0,0/1,0.0,0/1,0.5,1/2,0,1,1/2,,0,2,FULLY_REDUCIBLE,0.0,0/1,0.6666666666666666,2/3,0.2682291666666667,103/384,ead90c883cf43eee,rational,0.0,False,0/1,0/1,0/1,0,0.125,1/8,0.5,1/2
3,1,3,W4,0.0,0/1,0.0,0.06789213528685348,T->T,,1,81/1288,1.8978906284523145,False,129eb9cc9dfe5f14c2c29a23abda9757a849dda516cf7c586faa76f82519a41e,dissolve(0-1-2) => strong_favour,827f5b13e04ce2d23d1a7006c7205fb8e302b73448086bc8f150f43ee55b9e7c,0.0,0/1,0.0,0/1,0.5,1/2,0,1,1/2,1/2,0,2,FULLY_REDUCIBLE,0.0,0/1,0.30865069241982507,13551/43904,-0.08978680758017493,-1971/21952,eeb9955a288ebaeb,rational,0.0,True,4/23,4/23,7/23,1,0.125,1/8,0.1956521739130435,9/46
3,2,3,W4,0.0,0/1,0.024951456197571213,0.0183247643878374,P->T,,1,27/1840,1.955946891531027,False,f7583d832fd0e431eca8750fd6748fd2fdef81c340686cb05db4efe3c9e61f56,form(0-1-2) | absent(0-1) => strong_suppress,1bc1ee6df5e6e084edd055e2c4aa529ee4806243446f9d468ed22c5c9ea6da63,0.0,0/1,0.0,0/1,0.5116279069767442,22/43,0,1,1/2,9/17,1,2,PAIRWISE_PROJECTION_REDUCIBLE,0.00436046511627907,3/688,0.49183545744196633,17289/35152,0.09339795744196631,26265/281216,f04091b0c583d055,rational,0.0,True,17/172,17/172,17/43,1,0.13372093023255813,23/172,0.10465116279069768,9/86
3,2,3,W4,0.027777777777777776,1/36,0.0013079165079469546,0.008096418727941479,T->P,,1,1/120,1.9830278467146432,False,0fd8b3b47a5caf6b55d331bddf6fe317090703e263a480d80d511a202c8b6c47,form(0-1) | absent(0-1-2) => weak_favour,e361fa0f896933c6186a6c42181afcf28ec7fccad6d0bc5157629dd0f08278c2,0.0,0/1,0.16666666666666666,1/6,0.5217391304347826,12/23,0,1,19/36,17/33,1,2,IRREDUCIBLE_DYNAMIC_COUPLING,0.002717391304347826,1/368,0.439,439/1000,0.0405625,649/16000,f6912efb74b21bda,rational,0.0,True,11/92,11/92,11/23,1,0.14130434782608695,13/92,0.06521739130434782,3/46
