expression,k,cross_order_class,weight,residual,arithmetic,periods,pair_jump,pair_jump_tv,triad_rate,triad_weight,full_tv,full_status,epoch_tv,epoch_status,epoch_defect,cmi_full_triad_to_pair,cmi_epoch_triad_to_pair,cmi_epoch_pair_to_triad,projection_b_tv,projection_b_status,restores_markov,axis_e,reconfig_max_abs_delta,reconfig_source,reconfig_target,reconfig_delta,reconfig_ratio,reconfig_effect,focused_delta_hit_path_to_matching,focused_triad_changes_hit
form(0-1) => prohibit,1,P->P,prohibit,6.355593135110027e-16,float64,2,0,0.0,1,0,2.498001805406602e-16,zero,2.7755575615628914e-16,zero,0.0,-1.2319427316428558e-15,-1.0855361297107075e-16,-2.4726866411438027e-15,1.8735013540549517e-16,zero,0,inside,0.0,e2-deg2110-tri0-comp2,e2-deg1111-tri0-comp2,0.0,,0,-0.00033844870968083307,0
form(0-1) => strong_suppress,1,P->P,strong_suppress,3.0899761915836876e-16,float64,2,0,0.0,1,0,3.209238430557093e-16,zero,2.498001805406602e-16,zero,0.0,1.0893966420366349e-15,1.0816083172657073e-15,0.0005726227056488877,2.7755575615628914e-16,zero,0,inside,0.0,e2-deg2110-tri0-comp2,e2-deg1111-tri0-comp2,0.0,,0,0.000805522820956639,0
form(0-1) => weak_suppress,1,P->P,weak_suppress,5.431852884152377e-16,float64,2,0,0.0,1,0,3.469446951953614e-16,zero,2.498001805406602e-16,zero,0.0,-1.039571015443616e-15,-1.2416774089206191e-15,0.0003213977421994685,2.7755575615628914e-16,zero,0,inside,0.0,e2-deg2110-tri0-comp2,e2-deg1111-tri0-comp2,0.0,,0,0.0009718262208288364,0
form(0-1) => weak_favour,1,P->P,weak_favour,1.1729983304120672e-15,float64,2,0,0.0,1,0,3.0531133177191805e-16,zero,3.3306690738754696e-16,zero,0.0,-7.037668880719206e-16,-1.0043637784351606e-18,0.0009918342749440207,2.498001805406602e-16,zero,0,inside,0.0,e2-deg2110-tri0-comp2,e2-deg1111-tri0-comp2,0.0,,0,-0.0033831176426701026,0
form(0-1) => strong_favour,1,P->P,strong_favour,7.429495386956919e-16,float64,2,0,0.0,1,0,2.7755575615628914e-16,zero,2.498001805406602e-16,zero,0.0,4.3469846016354065e-16,-5.711506966984481e-16,0.005478033256072608,2.498001805406602e-16,zero,0,inside,0.0,e2-deg2110-tri0-comp2,e2-deg1111-tri0-comp2,0.0,,0,-0.009630160381019742,0
form(0-1) | absent(0-2) => prohibit,2,P->P,prohibit,9.02706728811431e-16,float64,2,0,0.0,1,0,2.7755575615628914e-16,zero,2.498001805406602e-16,zero,0.0,7.993836962868308e-16,-1.9406919074799854e-16,0.0014455851697090492,2.498001805406602e-16,zero,0,inside,0.0,e2-deg2110-tri0-comp2,e2-deg1111-tri0-comp2,0.0,,0,-0.007825599244435155,0
form(0-1) | absent(0-2) => strong_suppress,2,P->P,strong_suppress,7.177418381854039e-16,float64,2,0,0.0,1,0,3.469446951953614e-16,zero,2.498001805406602e-16,zero,0.0,-4.735506121218161e-16,2.7870720647529643e-18,0.0007289918029757428,2.2898349882893854e-16,zero,0,inside,0.0,e2-deg2110-tri0-comp2,e2-deg1111-tri0-comp2,0.0,,0,-0.004658433453230748,0
form(0-1) | absent(0-2) => weak_suppress,2,P->P,weak_suppress,7.592667813915988e-16,float64,2,0,0.0,1,0,3.469446951953614e-16,zero,3.3306690738754696e-16,zero,0.0,1.7863345578295246e-16,-4.907387281363107e-17,0.00029159768539129135,2.7755575615628914e-16,zero,0,inside,0.0,e2-deg2110-tri0-comp2,e2-deg1111-tri0-comp2,0.0,,0,-0.002503211845718889,0
form(0-1) | absent(0-2) => weak_favour,2,P->P,weak_favour,3.77193935807707e-16,float64,2,0,0.0,1,0,3.469446951953614e-16,zero,3.3306690738754696e-16,zero,0.0,-4.367227151728798e-16,-4.964685411674132e-16,0.0006927703285746849,2.498001805406602e-16,zero,0,inside,0.0,e2-deg2110-tri0-comp2,e2-deg1111-tri0-comp2,0.0,,0,0.001613391012816101,0
form(0-1) | absent(0-2) => strong_favour,2,P->P,strong_favour,1.1512058667451086e-15,float64,2,0,0.0,1,0,2.7755575615628914e-16,zero,2.498001805406602e-16,zero,0.0,2.8701154364789766e-16,1.5582639991973285e-16,0.0037995822227848675,2.636779683484747e-16,zero,0,inside,0.0,e2-deg2110-tri0-comp2,e2-deg1111-tri0-comp2,0.0,,0,0.0009423801225034445,0
form(0-1) | present(0-2) => prohibit,2,P->P,prohibit,3.9914902980053846e-16,float64,2,0,0.0,1,0,3.469446951953614e-16,zero,2.498001805406602e-16,zero,0.0,7.776677597822885e-16,-5.130040853416771e-16,0.0014455851697094515,2.498001805406602e-16,zero,0,inside,0.0,e2-deg2110-tri0-comp2,e2-deg1111-tri0-comp2,0.0,,0,0.008835882115898697,0
form(0-1) | present(0-2) => strong_suppress,2,P->P,strong_suppress,6.808789643208968e-16,float64,2,0,0.0,1,0,2.7755575615628914e-16,zero,2.498001805406602e-16,zero,0.0,-5.319277866559787e-16,-1.4613642657894994e-16,0.0007289918029757159,2.0816681711721685e-16,zero,0,inside,0.0,e2-deg2110-tri0-comp2,e2-deg1111-tri0-comp2,0.0,,0,0.005992001275649056,0
form(0-1) | present(0-2) => weak_suppress,2,P->P,weak_suppress,3.426078865054194e-16,float64,2,0,0.0,1,0,3.2959746043559335e-16,zero,2.498001805406602e-16,zero,0.0,-2.7502073487952743e-16,2.8679525368369744e-16,0.0002915976853909345,2.498001805406602e-16,zero,0,inside,0.0,e2-deg2110-tri0-comp2,e2-deg1111-tri0-comp2,0.0,,0,0.003646731838551881,0
form(0-1) | present(0-2) => weak_favour,2,P->P,weak_favour,4.570996359198887e-16,float64,2,0,0.0,1,0,2.7755575615628914e-16,zero,3.3306690738754696e-16,zero,0.0,-3.619943454369768e-18,-1.0297595572551605e-15,0.0006927703285757602,2.7755575615628914e-16,zero,0,inside,0.0,e2-deg2110-tri0-comp2,e2-deg1111-tri0-comp2,0.0,,0,-0.004807839836722644,0
form(0-1) | present(0-2) => strong_favour,2,P->P,strong_favour,2.5573076642415593e-15,float64,2,0,0.0,1,0,2.0816681711721685e-16,zero,2.498001805406602e-16,zero,0.0,5.838524932384526e-16,-2.416299841717576e-16,0.0037995822227847214,2.983724378680108e-16,zero,0,inside,0.0,e2-deg2110-tri0-comp2,e2-deg1111-tri0-comp2,0.0,,0,-0.009958147285446917,0
form(0-1) | absent(2-3) => prohibit,2,P->P,prohibit,6.336077496005288e-16,float64,2,0,0.0,1,0,2.7755575615628914e-16,zero,2.498001805406602e-16,zero,0.0,8.681682082522835e-16,1.4055212548128783e-17,0.0014455851697130538,2.7755575615628914e-16,zero,0,inside,0.0,e2-deg2110-tri0-comp2,e2-deg1111-tri0-comp2,0.0,,0,0.029453957256248497,0
form(0-1) | absent(2-3) => strong_suppress,2,P->P,strong_suppress,4.2348936857283803e-16,float64,2,0,0.0,1,0,3.469446951953614e-16,zero,2.498001805406602e-16,zero,0.0,-4.2446071535445983e-16,2.454045392526538e-16,0.0007289918029791607,2.498001805406602e-16,zero,0,inside,0.0,e2-deg2110-tri0-comp2,e2-deg1111-tri0-comp2,0.0,,0,0.01928969299121483,0
form(0-1) | absent(2-3) => weak_suppress,2,P->P,weak_suppress,7.889739209177016e-16,float64,2,0,0.0,1,0,2.7755575615628914e-16,zero,2.498001805406602e-16,zero,0.0,-4.737489269253272e-17,6.938342561202685e-17,0.0002915976854011064,2.0816681711721685e-16,zero,0,inside,0.0,e2-deg2110-tri0-comp2,e2-deg1111-tri0-comp2,0.0,,0,0.011426768299605983,0
form(0-1) | absent(2-3) => weak_favour,2,P->P,weak_favour,1.1107651257113993e-15,float64,2,0,0.0,1,0,3.469446951953614e-16,zero,3.3306690738754696e-16,zero,0.0,6.170271826622934e-16,-5.118250405782178e-16,0.0006927703285772005,2.2898349882893854e-16,zero,0,inside,0.0,e2-deg2110-tri0-comp2,e2-deg1111-tri0-comp2,0.0,,0,-0.013828675380496702,0
form(0-1) | absent(2-3) => strong_favour,2,P->P,strong_favour,5.789639601072594e-16,float64,2,0,0.0,1,0,3.469446951953614e-16,zero,3.3306690738754696e-16,zero,0.0,3.707836778391256e-16,6.029539697094832e-16,0.003799582222792953,2.498001805406602e-16,zero,0,inside,0.0,e2-deg2110-tri0-comp2,e2-deg1111-tri0-comp2,0.0,,0,-0.027408945525573325,0
form(0-1) | present(2-3) => prohibit,2,P->P,prohibit,2.8845198798976845e-16,float64,2,0,0.0,1,0,2.7755575615628914e-16,zero,3.3306690738754696e-16,zero,0.0,8.600214733691158e-16,-5.019431470089062e-16,0.001445585169703994,2.498001805406602e-16,zero,0,inside,0.0,e2-deg2110-tri0-comp2,e2-deg1111-tri0-comp2,0.0,,0,-0.025367716509450355,0
form(0-1) | present(2-3) => strong_suppress,2,P->P,strong_suppress,8.765774564545303e-16,float64,2,0,0.0,1,0,3.469446951953614e-16,zero,3.3306690738754696e-16,zero,0.0,-7.18628604847948e-16,6.667643322260503e-17,0.0007289918029727108,2.7755575615628914e-16,zero,0,inside,0.0,e2-deg2110-tri0-comp2,e2-deg1111-tri0-comp2,0.0,,0,-0.016642572747338463,0
form(0-1) | present(2-3) => weak_suppress,2,P->P,weak_suppress,6.140921104957897e-16,float64,2,0,0.0,1,0,3.2959746043559335e-16,zero,2.498001805406602e-16,zero,0.0,-1.3168382265133057e-16,3.864330799986456e-16,0.00029159768538132124,2.7755575615628914e-16,zero,0,inside,0.0,e2-deg2110-tri0-comp2,e2-deg1111-tri0-comp2,0.0,,0,-0.009826198017879872,0
form(0-1) | present(2-3) => weak_favour,2,P->P,weak_favour,6.303551430830723e-16,float64,2,0,0.0,1,0,2.7755575615628914e-16,zero,3.3306690738754696e-16,zero,0.0,-2.979861477512797e-16,-7.67033682973415e-16,0.0006927703285730956,2.498001805406602e-16,zero,0,inside,0.0,e2-deg2110-tri0-comp2,e2-deg1111-tri0-comp2,0.0,,0,0.011257016472128734,0
form(0-1) | present(2-3) => strong_favour,2,P->P,strong_favour,3.150691513242876e-16,float64,2,0,0.0,1,0,2.7755575615628914e-16,zero,2.498001805406602e-16,zero,0.0,2.8029981908380065e-16,-6.321518675307158e-16,0.003799582222777909,2.498001805406602e-16,zero,0,inside,0.0,e2-deg2110-tri0-comp2,e2-deg1111-tri0-comp2,0.0,,0,0.02064366937944276,0
form(0-1) | absent(0-1-2) => prohibit,2,T->P,prohibit,7.749877128926386e-16,float64,2,1,0.16666666666666669,1,0,0.021212121212121522,positive,0.026743688489516394,positive,0.0,0.036839806117930356,0.02602033785130683,0.0004726636749659696,0.02121212121212133,positive,0,inside,0.0,e2-deg2110-tri0-comp2,e2-deg1111-tri0-comp2,0.0,,0,0.0006814890689302577,1
form(0-1) | absent(0-1-2) => strong_suppress,2,T->P,strong_suppress,6.447750319771295e-16,float64,2,1,0.11904761904761904,1,0,0.008801226109734713,positive,0.010988800978481636,positive,0.0,0.010705267274868301,0.009089978518988077,0.0003500080191614043,0.008801226109732635,positive,0,inside,0.0,e2-deg2110-tri0-comp2,e2-deg1111-tri0-comp2,0.0,,0,0.0007370515279152834,1
form(0-1) | absent(0-1-2) => weak_suppress,2,T->P,weak_suppress,5.520757462296189e-16,float64,2,1,0.07575757575757579,1,0,0.0031264337681076518,positive,0.0038601325510134177,positive,0.0,0.003331834845681128,0.0028842699498574623,0.00016714931865684522,0.0031264337681067567,positive,0,inside,0.0,e2-deg2110-tri0-comp2,e2-deg1111-tri0-comp2,0.0,,0,0.0005943291884856761,1
form(0-1) | absent(0-1-2) => weak_favour,2,T->P,weak_favour,8.690964614643804e-16,float64,2,1,0.11904761904761904,1,0,0.005758071715519196,positive,0.006631299734748616,positive,0.0,0.004242476074228843,0.0036332739199530792,0.0005252207720933127,0.005758071715519224,positive,0,inside,0.0,e2-deg2110-tri0-comp2,e2-deg1111-tri0-comp2,0.0,,0,-0.0015832103390830132,1
form(0-1) | absent(0-1-2) => strong_favour,2,T->P,strong_favour,1.0473392986209973e-15,float64,2,1,0.2777777777777778,1,0,0.028866714183896386,positive,0.03090010178857225,positive,0.0,0.01723428398527287,0.014381036493974654,0.00303525244549505,0.028866714183900744,positive,0,inside,0.0,e2-deg2110-tri0-comp2,e2-deg1111-tri0-comp2,0.0,,0,-0.004534468074120779,1
form(0-1) | present(0-1-2) => prohibit,2,T->P,prohibit,7.383416794626285e-16,float64,2,1,0.16666666666666669,1,0,0.021212121212123188,positive,0.026743688489516977,positive,0.0,0.03683980611793004,0.026020337851306558,0.00047266367496702364,0.02121212121212161,positive,0,inside,0.0,e2-deg2110-tri0-comp2,e2-deg1111-tri0-comp2,0.0,,0,0.0006814890689302855,1
form(0-1) | present(0-1-2) => strong_suppress,2,T->P,strong_suppress,7.686993402922226e-16,float64,2,1,0.11904761904761904,1,0,0.008801226109732985,positive,0.010988800978481372,positive,0.0,0.010705267274868178,0.009089978518987718,0.00035000801916187094,0.008801226109732562,positive,0,inside,0.0,e2-deg2110-tri0-comp2,e2-deg1111-tri0-comp2,0.0,,0,0.0007370515279152556,1
form(0-1) | present(0-1-2) => weak_suppress,2,T->P,weak_suppress,3.9833587817117433e-16,float64,2,1,0.07575757575757579,1,0,0.0031264337681070897,positive,0.0038601325510134177,positive,0.0,0.0033318348456809685,0.0028842699498570264,0.00016714931865699682,0.003126433768106604,positive,0,inside,0.0,e2-deg2110-tri0-comp2,e2-deg1111-tri0-comp2,0.0,,0,0.0005943291884856483,1
form(0-1) | present(0-1-2) => weak_favour,2,T->P,weak_favour,2.467644144577008e-16,float64,2,1,0.11904761904761904,1,0,0.005758071715519182,positive,0.006631299734748269,positive,0.0,0.004242476074228453,0.0036332739199524565,0.0005252207720937633,0.005758071715518988,positive,0,inside,0.0,e2-deg2110-tri0-comp2,e2-deg1111-tri0-comp2,0.0,,0,-0.0015832103390830132,1
form(0-1) | present(0-1-2) => strong_favour,2,T->P,strong_favour,6.806621238863997e-16,float64,2,1,0.2777777777777778,1,0,0.028866714183895116,positive,0.030900101788571624,positive,0.0,0.017234283985272925,0.014381036493974517,0.0030352524454942353,0.028866714183891855,positive,0,inside,0.0,e2-deg2110-tri0-comp2,e2-deg1111-tri0-comp2,0.0,,0,-0.004534468074120751,1
form(0-1) | absent(0-2-3) => prohibit,2,T->P,prohibit,9.358833152894874e-16,float64,2,1,0.16666666666666669,1,0,0.021212121212125682,positive,0.02674368848951752,positive,0.0,0.03683980611793161,0.026020337851306412,0.00047266367496523443,0.02121212121212162,positive,0,inside,0.0,e2-deg2110-tri0-comp2,e2-deg1111-tri0-comp2,0.0,,0,0.0006814890689302855,1
form(0-1) | absent(0-2-3) => strong_suppress,2,T->P,strong_suppress,8.411240454142543e-16,float64,2,1,0.11904761904761904,1,0,0.008801226109735875,positive,0.01098880097848165,positive,0.0,0.010705267274868412,0.009089978518989374,0.00035000801916270497,0.008801226109733277,positive,0,inside,0.0,e2-deg2110-tri0-comp2,e2-deg1111-tri0-comp2,0.0,,0,0.0007370515279152834,1
form(0-1) | absent(0-2-3) => weak_suppress,2,T->P,weak_suppress,5.930585883495709e-16,float64,2,1,0.07575757575757579,1,0,0.0031264337681087134,positive,0.0038601325510135703,positive,0.0,0.003331834845680668,0.0028842699498577724,0.00016714931865712918,0.0031264337681066387,positive,0,inside,0.0,e2-deg2110-tri0-comp2,e2-deg1111-tri0-comp2,0.0,,0,0.0005943291884856761,1
form(0-1) | absent(0-2-3) => weak_favour,2,T->P,weak_favour,5.663872149064275e-16,float64,2,1,0.11904761904761904,1,0,0.0057580717155187935,positive,0.006631299734748353,positive,0.0,0.004242476074228678,0.0036332739199527353,0.0005252207720934323,0.00575807171551878,positive,0,inside,0.0,e2-deg2110-tri0-comp2,e2-deg1111-tri0-comp2,0.0,,0,-0.00158321033908293,1
form(0-1) | absent(0-2-3) => strong_favour,2,T->P,strong_favour,8.603144238672478e-16,float64,2,1,0.2777777777777778,1,0,0.02886671418389298,positive,0.030900101788571457,positive,0.0,0.01723428398527341,0.01438103649397443,0.0030352524454935726,0.02886671418389214,positive,0,inside,0.0,e2-deg2110-tri0-comp2,e2-deg1111-tri0-comp2,0.0,,0,-0.0045344680741208065,1
form(0-1) | present(0-2-3) => prohibit,2,T->P,prohibit,3.228754069661832e-16,float64,2,1,0.16666666666666669,1,0,0.021212121212122105,positive,0.026743688489516707,positive,0.0,0.03683980611792931,0.026020337851306984,0.00047266367496703394,0.02121212121212163,positive,0,inside,0.0,e2-deg2110-tri0-comp2,e2-deg1111-tri0-comp2,0.0,,0,0.0006814890689302577,1
form(0-1) | present(0-2-3) => strong_suppress,2,T->P,strong_suppress,9.619041674291395e-16,float64,2,1,0.11904761904761904,1,0,0.008801226109733443,positive,0.01098880097848149,positive,0.0,0.010705267274868487,0.009089978518988009,0.00035000801916205623,0.0088012261097326,positive,0,inside,0.0,e2-deg2110-tri0-comp2,e2-deg1111-tri0-comp2,0.0,,0,0.0007370515279153111,1
form(0-1) | present(0-2-3) => weak_suppress,2,T->P,weak_suppress,7.495089618392292e-16,float64,2,1,0.07575757575757579,1,0,0.003126433768107499,positive,0.0038601325510134593,positive,0.0,0.0033318348456809325,0.0028842699498574493,0.0001671493186566431,0.0031264337681067497,positive,0,inside,0.0,e2-deg2110-tri0-comp2,e2-deg1111-tri0-comp2,0.0,,0,0.0005943291884856483,1
form(0-1) | present(0-2-3) => weak_favour,2,T->P,weak_favour,3.826149466701345e-16,float64,2,1,0.11904761904761904,1,0,0.005758071715518787,positive,0.006631299734748214,positive,0.0,0.00424247607422819,0.0036332739199523316,0.0005252207720938426,0.005758071715518738,positive,0,inside,0.0,e2-deg2110-tri0-comp2,e2-deg1111-tri0-comp2,0.0,,0,-0.0015832103390830132,1
form(0-1) | present(0-2-3) => strong_favour,2,T->P,strong_favour,6.971419969081794e-16,float64,2,1,0.2777777777777778,1,0,0.02886671418389273,positive,0.030900101788570944,positive,0.0,0.01723428398527232,0.01438103649397368,0.0030352524454937235,0.028866714183893506,positive,0,inside,0.0,e2-deg2110-tri0-comp2,e2-deg1111-tri0-comp2,0.0,,0,-0.004534468074120751,1
dissolve(0-1) => prohibit,1,P->P,prohibit,6.355593135110027e-16,float64,2,0,0.0,1,0,2.498001805406602e-16,zero,2.7755575615628914e-16,zero,0.0,-1.2319427316428558e-15,-1.0855361297107075e-16,-2.4726866411438027e-15,1.8735013540549517e-16,zero,0,inside,0.0,e2-deg2110-tri0-comp2,e2-deg1111-tri0-comp2,0.0,,0,-0.02992612259722016,0
dissolve(0-1) => strong_suppress,1,P->P,strong_suppress,5.775544972830282e-16,float64,2,0,0.0,1,0,3.209238430557093e-16,zero,2.498001805406602e-16,zero,0.0,1.1273760960566824e-15,1.1891191481717405e-15,0.0005726227056490688,2.1337098754514727e-16,zero,0,inside,0.0,e2-deg2110-tri0-comp2,e2-deg1111-tri0-comp2,0.0,,0,-0.011019450183154339,0
dissolve(0-1) => weak_suppress,1,P->P,weak_suppress,9.423885283244005e-16,float64,2,0,0.0,1,0,3.469446951953614e-16,zero,2.498001805406602e-16,zero,0.0,-7.791739506012547e-16,-9.46085497553592e-16,0.00032139774219979084,2.7755575615628914e-16,zero,0,inside,0.0,e2-deg2110-tri0-comp2,e2-deg1111-tri0-comp2,0.0,,0,-0.00414936185046566,0
dissolve(0-1) => weak_favour,1,P->P,weak_favour,8.376545984623007e-16,float64,2,0,0.0,1,0,2.7755575615628914e-16,zero,3.3306690738754696e-16,zero,0.0,-1.288939181030328e-15,-9.269289776175589e-16,0.0009918342749439628,2.7755575615628914e-16,zero,0,inside,0.0,e2-deg2110-tri0-comp2,e2-deg1111-tri0-comp2,0.0,,0,-0.0004445594722392032,0
dissolve(0-1) => strong_favour,1,P->P,strong_favour,6.31873026124552e-16,float64,2,0,0.0,1,0,2.7755575615628914e-16,zero,2.498001805406602e-16,zero,0.0,1.5066233326555033e-16,4.843248700280901e-17,0.005478033256072336,2.0816681711721685e-16,zero,0,inside,0.0,e2-deg2110-tri0-comp2,e2-deg1111-tri0-comp2,0.0,,0,-0.004932988744496131,0
dissolve(0-1) | absent(0-2) => prohibit,2,P->P,prohibit,2.1467203015212988e-16,float64,2,0,0.0,1,0,2.7755575615628914e-16,zero,2.498001805406602e-16,zero,0.0,9.613407857639436e-16,-4.828378898886208e-16,0.001445585169708909,2.7755575615628914e-16,zero,0,inside,0.0,e2-deg2110-tri0-comp2,e2-deg1111-tri0-comp2,0.0,,0,-0.0006003447448435506,0
dissolve(0-1) | absent(0-2) => strong_suppress,2,P->P,strong_suppress,4.958056534776212e-16,float64,2,0,0.0,1,0,3.469446951953614e-16,zero,2.498001805406602e-16,zero,0.0,-1.3472558069284576e-16,2.8022872030664463e-16,0.0007289918029766196,2.220446049250313e-16,zero,0,inside,0.0,e2-deg2110-tri0-comp2,e2-deg1111-tri0-comp2,0.0,,0,0.0004356564131959284,0
dissolve(0-1) | absent(0-2) => weak_suppress,2,P->P,weak_suppress,3.879275373153135e-16,float64,2,0,0.0,1,0,2.7755575615628914e-16,zero,2.498001805406602e-16,zero,0.0,-3.3954776319504875e-16,7.328891886194861e-16,0.0002915976853910861,2.7755575615628914e-16,zero,0,inside,0.0,e2-deg2110-tri0-comp2,e2-deg1111-tri0-comp2,0.0,,0,0.0006317376366461736,0
dissolve(0-1) | absent(0-2) => weak_favour,2,P->P,weak_favour,1.1509890263106115e-15,float64,2,0,0.0,1,0,3.0531133177191805e-16,zero,2.914335439641036e-16,zero,0.0,3.0724828702188973e-17,1.3185059110658396e-16,0.000692770328575891,2.2898349882893854e-16,zero,0,inside,0.0,e2-deg2110-tri0-comp2,e2-deg1111-tri0-comp2,0.0,,0,-0.0022618572485988697,0
dissolve(0-1) | absent(0-2) => strong_favour,2,P->P,strong_favour,6.980093586461678e-16,float64,2,0,0.0,1,0,2.7755575615628914e-16,zero,2.498001805406602e-16,zero,0.0,2.6251801491556554e-16,-1.934013136634787e-16,0.0037995822227854586,2.0816681711721685e-16,zero,0,inside,0.0,e2-deg2110-tri0-comp2,e2-deg1111-tri0-comp2,0.0,,0,-0.006245421240752114,0
dissolve(0-1) | present(0-2) => prohibit,2,P->P,prohibit,4.601354020028481e-16,float64,2,0,0.0,1,0,2.7755575615628914e-16,zero,2.498001805406602e-16,zero,0.0,8.503366349400258e-16,1.395912762927719e-16,0.0014455851697083345,2.7755575615628914e-16,zero,0,inside,0.0,e2-deg2110-tri0-comp2,e2-deg1111-tri0-comp2,0.0,,0,-0.011759846839415139,0
dissolve(0-1) | present(0-2) => strong_suppress,2,P->P,strong_suppress,3.7513395167998453e-16,float64,2,0,0.0,1,0,3.469446951953614e-16,zero,3.3306690738754696e-16,zero,0.0,-6.852390955474058e-16,-6.850224982012399e-16,0.0007289918029755162,2.2898349882893854e-16,zero,0,inside,0.0,e2-deg2110-tri0-comp2,e2-deg1111-tri0-comp2,0.0,,0,-0.006733988094076715,0
dissolve(0-1) | present(0-2) => weak_suppress,2,P->P,weak_suppress,2.6291902682773483e-16,float64,2,0,0.0,1,0,2.7755575615628914e-16,zero,2.498001805406602e-16,zero,0.0,1.3056446127837898e-16,5.05713627423034e-16,0.0002915976853908074,2.636779683484747e-16,zero,0,inside,0.0,e2-deg2110-tri0-comp2,e2-deg1111-tri0-comp2,0.0,,0,-0.0035529430165211484,0
dissolve(0-1) | present(0-2) => weak_favour,2,P->P,weak_favour,3.608224830031759e-16,float64,2,0,0.0,1,0,4.163336342344337e-16,zero,3.3306690738754696e-16,zero,0.0,7.96443423285574e-17,-3.090714030607964e-16,0.0006927703285764959,2.2898349882893854e-16,zero,0,inside,0.0,e2-deg2110-tri0-comp2,e2-deg1111-tri0-comp2,0.0,,0,0.002599333300622092,0
dissolve(0-1) | present(0-2) => strong_favour,2,P->P,strong_favour,9.11380346191315e-16,float64,2,0,0.0,1,0,2.7755575615628914e-16,zero,2.498001805406602e-16,zero,0.0,5.541332043847119e-16,3.0400573136246836e-16,0.0037995822227850445,2.2898349882893854e-16,zero,0,inside,0.0,e2-deg2110-tri0-comp2,e2-deg1111-tri0-comp2,0.0,,0,0.0032554365074498326,0
dissolve(0-1) | absent(2-3) => prohibit,2,P->P,prohibit,7.391006209833684e-16,float64,2,0,0.0,1,0,3.469446951953614e-16,zero,2.498001805406602e-16,zero,0.0,9.017718602983183e-16,-3.863060644388456e-16,0.0014455851697137735,2.498001805406602e-16,zero,0,inside,0.0,e2-deg2110-tri0-comp2,e2-deg1111-tri0-comp2,0.0,,0,-0.03593449303098292,0
dissolve(0-1) | absent(2-3) => strong_suppress,2,P->P,strong_suppress,3.874938564463193e-16,float64,2,0,0.0,1,0,3.469446951953614e-16,zero,2.498001805406602e-16,zero,0.0,-3.583352976548634e-16,-1.0976229218282879e-16,0.000728991802979676,2.7755575615628914e-16,zero,0,inside,0.0,e2-deg2110-tri0-comp2,e2-deg1111-tri0-comp2,0.0,,0,-0.020940876139770054,0
dissolve(0-1) | absent(2-3) => weak_suppress,2,P->P,weak_suppress,6.385950795939621e-16,float64,2,0,0.0,1,0,2.7755575615628914e-16,zero,2.498001805406602e-16,zero,0.0,-1.7966483241916797e-16,5.527376102298476e-16,0.00029159768540064156,2.0816681711721685e-16,zero,0,inside,0.0,e2-deg2110-tri0-comp2,e2-deg1111-tri0-comp2,0.0,,0,-0.01127356120889425,0
dissolve(0-1) | absent(2-3) => weak_favour,2,P->P,weak_favour,1.0521097881799335e-15,float64,2,0,0.0,1,0,3.469446951953614e-16,zero,2.914335439641036e-16,zero,0.0,5.798054492726839e-17,-6.56676670431039e-16,0.0006927703285743623,2.2898349882893854e-16,zero,0,inside,0.0,e2-deg2110-tri0-comp2,e2-deg1111-tri0-comp2,0.0,,0,0.009459115624679049,0
dissolve(0-1) | absent(2-3) => strong_favour,2,P->P,strong_favour,3.574614562684708e-16,float64,2,0,0.0,1,0,2.7755575615628914e-16,zero,2.498001805406602e-16,zero,0.0,-1.0636377063449212e-17,-4.451636635672486e-16,0.003799582222792526,2.7755575615628914e-16,zero,0,inside,0.0,e2-deg2110-tri0-comp2,e2-deg1111-tri0-comp2,0.0,,0,0.014300073483107412,0
dissolve(0-1) | present(2-3) => prohibit,2,P->P,prohibit,4.469081354985249e-16,float64,2,0,0.0,1,0,2.7755575615628914e-16,zero,2.498001805406602e-16,zero,0.0,7.768987080093102e-16,3.7432896757747077e-16,0.001445585169703981,2.498001805406602e-16,zero,0,inside,0.0,e2-deg2110-tri0-comp2,e2-deg1111-tri0-comp2,0.0,,0,0.02066845097852102,0
dissolve(0-1) | present(2-3) => strong_suppress,2,P->P,strong_suppress,6.860831347488272e-16,float64,2,0,0.0,1,0,3.209238430557093e-16,zero,2.498001805406602e-16,zero,0.0,-7.515209305567494e-16,-3.206839245118636e-16,0.000728991802972718,2.2898349882893854e-16,zero,0,inside,0.0,e2-deg2110-tri0-comp2,e2-deg1111-tri0-comp2,0.0,,0,0.013521382340886151,0
dissolve(0-1) | present(2-3) => weak_suppress,2,P->P,weak_suppress,4.0028744208164824e-16,float64,2,0,0.0,1,0,2.7755575615628914e-16,zero,2.498001805406602e-16,zero,0.0,-1.8642988106619064e-17,1.2217838389986823e-16,0.00029159768538056767,2.3592239273284576e-16,zero,0,inside,0.0,e2-deg2110-tri0-comp2,e2-deg1111-tri0-comp2,0.0,,0,0.007990877165215626,0
dissolve(0-1) | present(2-3) => weak_favour,2,P->P,weak_favour,2.329950468671349e-16,float64,2,0,0.0,1,0,3.0531133177191805e-16,zero,2.914335439641036e-16,zero,0.0,-3.007681413319511e-17,-7.983171449247387e-16,0.000692770328573068,2.2898349882893854e-16,zero,0,inside,0.0,e2-deg2110-tri0-comp2,e2-deg1111-tri0-comp2,0.0,,0,-0.009522586036394831,0
dissolve(0-1) | present(2-3) => strong_favour,2,P->P,strong_favour,1.5983308426781306e-15,float64,2,0,0.0,1,0,3.469446951953614e-16,zero,2.498001805406602e-16,zero,0.0,5.028354366622658e-16,1.6126624635904377e-16,0.003799582222777405,2.498001805406602e-16,zero,0,inside,0.0,e2-deg2110-tri0-comp2,e2-deg1111-tri0-comp2,0.0,,0,-0.018663395469676436,0
dissolve(0-1) | absent(0-1-2) => prohibit,2,T->P,prohibit,4.84150480123402e-16,float64,2,1,0.16666666666666669,1,0,0.021212121212121387,positive,0.02674368848951661,positive,0.0,0.03683980611793032,0.026020337851306672,0.0004726636749649865,0.02121212121212341,positive,0,inside,0.0,e2-deg2110-tri0-comp2,e2-deg1111-tri0-comp2,0.0,,0,-0.0062581553907938015,1
dissolve(0-1) | absent(0-1-2) => strong_suppress,2,T->P,strong_suppress,5.412337245047638e-16,float64,2,1,0.11904761904761904,1,0,0.008801226109733214,positive,0.010988800978481296,positive,0.0,0.010705267274868317,0.009089978518988726,0.0003500080191652403,0.008801226109732913,positive,0,inside,0.0,e2-deg2110-tri0-comp2,e2-deg1111-tri0-comp2,0.0,,0,-0.0031893388148161728,1
dissolve(0-1) | absent(0-1-2) => weak_suppress,2,T->P,weak_suppress,3.7903707950093235e-16,float64,2,1,0.07575757575757579,1,0,0.003126433768106708,positive,0.003860132551013251,positive,0.0,0.0033318348456811454,0.0028842699498569215,0.0001671493186569475,0.0031264337681066456,positive,0,inside,0.0,e2-deg2110-tri0-comp2,e2-deg1111-tri0-comp2,0.0,,0,-0.0014773683971549822,1
dissolve(0-1) | absent(0-1-2) => weak_favour,2,T->P,weak_favour,1.1314733872058724e-15,float64,2,1,0.11904761904761904,1,0,0.005758071715522971,positive,0.006631299734748949,positive,0.0,0.004242476074228471,0.0036332739199523667,0.0005252207720935172,0.005758071715518641,positive,0,inside,0.0,e2-deg2110-tri0-comp2,e2-deg1111-tri0-comp2,0.0,,0,0.00012145627467327613,1
dissolve(0-1) | absent(0-1-2) => strong_favour,2,T->P,strong_favour,5.618335657819884e-16,float64,2,1,0.2777777777777778,1,0,0.02886671418389676,positive,0.03090010178857168,positive,0.0,0.017234283985273033,0.014381036493974141,0.003035252445493693,0.028866714183901507,positive,0,inside,0.0,e2-deg2110-tri0-comp2,e2-deg1111-tri0-comp2,0.0,,0,-0.0017667371408181254,1
dissolve(0-1) | present(0-1-2) => prohibit,2,T->P,prohibit,9.848892534858322e-16,float64,2,1,0.16666666666666669,1,0,0.021212121212122875,positive,0.026743688489517886,positive,0.0,0.03683980611793011,0.02602033785130664,0.0004726636749652494,0.021212121212121775,positive,0,inside,0.0,e2-deg2110-tri0-comp2,e2-deg1111-tri0-comp2,0.0,,0,-0.006258155390793829,1
dissolve(0-1) | present(0-1-2) => strong_suppress,2,T->P,strong_suppress,1.0075490788907793e-15,float64,2,1,0.11904761904761904,1,0,0.008801226109736004,positive,0.010988800978481802,positive,0.0,0.010705267274868107,0.009089978518987863,0.00035000801916346526,0.008801226109732389,positive,0,inside,0.0,e2-deg2110-tri0-comp2,e2-deg1111-tri0-comp2,0.0,,0,-0.0031893388148162005,1
dissolve(0-1) | present(0-1-2) => weak_suppress,2,T->P,weak_suppress,6.301383026485752e-16,float64,2,1,0.07575757575757579,1,0,0.0031264337681069856,positive,0.00386013255101339,positive,0.0,0.0033318348456812226,0.002884269949857388,0.00016714931865668175,0.0031264337681065416,positive,0,inside,0.0,e2-deg2110-tri0-comp2,e2-deg1111-tri0-comp2,0.0,,0,-0.00147736839715501,1
dissolve(0-1) | present(0-1-2) => weak_favour,2,T->P,weak_favour,7.203439233993691e-16,float64,2,1,0.11904761904761904,1,0,0.005758071715521479,positive,0.006631299734748422,positive,0.0,0.004242476074228416,0.0036332739199522127,0.0005252207720941907,0.005758071715518627,positive,0,inside,0.0,e2-deg2110-tri0-comp2,e2-deg1111-tri0-comp2,0.0,,0,0.00012145627467330389,1
dissolve(0-1) | present(0-1-2) => strong_favour,2,T->P,strong_favour,6.934557095217286e-16,float64,2,1,0.2777777777777778,1,0,0.0288667141838978,positive,0.030900101788572082,positive,0.0,0.017234283985272932,0.01438103649397415,0.003035252445493775,0.028866714183893492,positive,0,inside,0.0,e2-deg2110-tri0-comp2,e2-deg1111-tri0-comp2,0.0,,0,-0.0017667371408180421,1
dissolve(0-1) | absent(0-2-3) => prohibit,2,T->P,prohibit,1.0032664803094615e-15,float64,2,1,0.16666666666666669,1,0,0.021212121212122834,positive,0.026743688489517005,positive,0.0,0.036839806117931403,0.02602033785130626,0.0004726636749643629,0.021212121212121363,positive,0,inside,0.0,e2-deg2110-tri0-comp2,e2-deg1111-tri0-comp2,0.0,,0,-0.0062581553907938015,1
dissolve(0-1) | absent(0-2-3) => strong_suppress,2,T->P,strong_suppress,7.729277287649161e-16,float64,2,1,0.11904761904761904,1,0,0.008801226109732645,positive,0.010988800978481233,positive,0.0,0.010705267274868683,0.009089978518989156,0.0003500080191630343,0.008801226109732423,positive,0,inside,0.0,e2-deg2110-tri0-comp2,e2-deg1111-tri0-comp2,0.0,,0,-0.0031893388148161728,1
dissolve(0-1) | absent(0-2-3) => weak_suppress,2,T->P,weak_suppress,5.761450344587971e-16,float64,2,1,0.07575757575757579,1,0,0.003126433768107055,positive,0.0038601325510132095,positive,0.0,0.0033318348456811676,0.0028842699498570264,0.00016714931865689428,0.0031264337681065207,positive,0,inside,0.0,e2-deg2110-tri0-comp2,e2-deg1111-tri0-comp2,0.0,,0,-0.0014773683971549822,1
dissolve(0-1) | absent(0-2-3) => weak_favour,2,T->P,weak_favour,6.536654897915106e-16,float64,2,1,0.11904761904761904,1,0,0.005758071715521909,positive,0.006631299734748547,positive,0.0,0.004242476074228738,0.0036332739199523185,0.0005252207720934906,0.0057580717155191335,positive,0,inside,0.0,e2-deg2110-tri0-comp2,e2-deg1111-tri0-comp2,0.0,,0,0.00012145627467333164,1
dissolve(0-1) | absent(0-2-3) => strong_favour,2,T->P,strong_favour,1.0371477981996335e-15,float64,2,1,0.2777777777777778,1,0,0.02886671418389814,positive,0.030900101788571416,positive,0.0,0.017234283985273477,0.01438103649397466,0.0030352524454938237,0.02886671418389186,positive,0,inside,0.0,e2-deg2110-tri0-comp2,e2-deg1111-tri0-comp2,0.0,,0,-0.0017667371408181531,1
dissolve(0-1) | present(0-2-3) => prohibit,2,T->P,prohibit,1.5147388551794982e-15,float64,2,1,0.16666666666666669,1,0,0.02121212121212198,positive,0.0267436884895177,positive,0.0,0.03683980611792945,0.02602033785130629,0.00047266367496538237,0.021212121212121817,positive,0,inside,0.0,e2-deg2110-tri0-comp2,e2-deg1111-tri0-comp2,0.0,,0,-0.006258155390793857,1
dissolve(0-1) | present(0-2-3) => strong_suppress,2,T->P,strong_suppress,6.204889033134542e-16,float64,2,1,0.11904761904761904,1,0,0.008801226109735053,positive,0.010988800978481594,positive,0.0,0.010705267274868296,0.009089978518987967,0.0003500080191620256,0.008801226109733024,positive,0,inside,0.0,e2-deg2110-tri0-comp2,e2-deg1111-tri0-comp2,0.0,,0,-0.0031893388148161728,1
dissolve(0-1) | present(0-2-3) => weak_suppress,2,T->P,weak_suppress,4.488596994089988e-16,float64,2,1,0.07575757575757579,1,0,0.003126433768107076,positive,0.003860132551013473,positive,0.0,0.003331834845681096,0.0028842699498568152,0.00016714931865728798,0.0031264337681065277,positive,0,inside,0.0,e2-deg2110-tri0-comp2,e2-deg1111-tri0-comp2,0.0,,0,-0.0014773683971550378,1
dissolve(0-1) | present(0-2-3) => weak_favour,2,T->P,weak_favour,3.640750895206324e-16,float64,2,1,0.11904761904761904,1,0,0.005758071715519036,positive,0.006631299734748297,positive,0.0,0.004242476074228231,0.0036332739199518758,0.0005252207720942468,0.005758071715518606,positive,0,inside,0.0,e2-deg2110-tri0-comp2,e2-deg1111-tri0-comp2,0.0,,0,0.00012145627467333164,1
dissolve(0-1) | present(0-2-3) => strong_favour,2,T->P,strong_favour,4.0462425077159025e-16,float64,2,1,0.2777777777777778,1,0,0.028866714183894256,positive,0.030900101788571513,positive,0.0,0.017234283985272464,0.014381036493974172,0.003035252445493841,0.02886671418389184,positive,0,inside,0.0,e2-deg2110-tri0-comp2,e2-deg1111-tri0-comp2,0.0,,0,-0.0017667371408181254,1
form(0-1-2) => prohibit,1,T->T,prohibit,6.355593135110027e-16,float64,2,0,0.0,0,0,2.3592239273284576e-16,zero,1.6653345369377348e-16,zero,0.0,1.0511243215642778e-16,1.6861785991760176e-16,-8.484417044062172e-15,1.8735013540549517e-16,zero,0,inside,0.0,e2-deg2110-tri0-comp2,e2-deg1111-tri0-comp2,0.0,,0,-8.326672684688674e-17,0
form(0-1-2) => strong_suppress,1,T->T,strong_suppress,5.54460991009087e-16,float64,2,0,0.0,0,0,0.001095964550282602,positive,2.498001805406602e-16,zero,0.0,0.0012260795672696422,-1.0833462873741229e-15,3.679813835483936e-15,0.022055264219443472,positive,0,inside,0.0,e2-deg2110-tri0-comp2,e2-deg1111-tri0-comp2,0.0,,0,-5.551115123125783e-17,0
form(0-1-2) => weak_suppress,1,T->T,weak_suppress,9.293781022545744e-16,float64,2,0,0.0,0,0,0.0005939613925099035,positive,2.498001805406602e-16,zero,0.0,0.0006881652003429825,-1.6698069207547085e-15,-1.786432925755604e-15,0.006525241675617792,positive,0,inside,0.0,e2-deg2110-tri0-comp2,e2-deg1111-tri0-comp2,0.0,,0,8.326672684688674e-17,0
form(0-1-2) => weak_favour,1,T->T,weak_favour,1.7830788928696606e-15,float64,2,0,0.0,0,0,0.001624182269346422,positive,2.498001805406602e-16,zero,0.0,0.002012098221206155,-2.385885364820506e-16,1.731203899087185e-15,0.0077784891165175105,positive,0,inside,0.0,e2-deg2110-tri0-comp2,e2-deg1111-tri0-comp2,0.0,,0,-5.551115123125783e-17,0
form(0-1-2) => strong_favour,1,T->T,strong_favour,8.282762496703011e-16,float64,2,0,0.0,0,0,0.00817820407648577,positive,3.3306690738754696e-16,zero,0.0,0.01035208639607459,-1.6911839530882373e-16,-2.94060848886373e-15,0.031622325043410816,positive,0,inside,0.0,e2-deg2110-tri0-comp2,e2-deg1111-tri0-comp2,0.0,,0,0.0,0
form(0-1-2) | absent(0-1) => prohibit,2,P->T,prohibit,2.3678975447083417e-16,float64,2,0,0.0,1,1,0.012173913043478271,positive,2.498001805406602e-16,zero,0.0,0.0011351681235278856,-1.8890309942890254e-15,0.04786763321174045,0.029545454545454566,positive,0,inside,0.0,e2-deg2110-tri0-comp2,e2-deg1111-tri0-comp2,0.0,,0,-8.326672684688674e-17,0
form(0-1-2) | absent(0-1) => strong_suppress,2,P->T,strong_suppress,1.1724562293258245e-15,float64,2,0,0.0,1,1,0.005530460656110528,positive,2.498001805406602e-16,zero,0.0,0.0007749684434152413,5.506229341061568e-16,0.013797097396487054,0.01192435452212006,positive,0,inside,0.0,e2-deg2110-tri0-comp2,e2-deg1111-tri0-comp2,0.0,,0,0.0,0
form(0-1-2) | absent(0-1) => weak_suppress,2,P->T,weak_suppress,4.347650711666873e-16,float64,2,0,0.0,1,1,0.002043570464623626,positive,3.3306690738754696e-16,zero,0.0,0.00035864985508244577,-7.692563186826363e-16,0.004269606380554417,0.004087098276665237,positive,0,inside,0.0,e2-deg2110-tri0-comp2,e2-deg1111-tri0-comp2,0.0,,0,-5.551115123125783e-17,0
form(0-1-2) | absent(0-1) => weak_favour,2,P->T,weak_favour,1.0633854907737827e-15,float64,2,0,0.0,1,1,0.0037407568508068534,positive,3.3306690738754696e-16,zero,0.0,0.001059726721849559,4.480739735124079e-16,0.005265727886616461,0.006281317108088914,positive,0,inside,0.0,e2-deg2110-tri0-comp2,e2-deg1111-tri0-comp2,0.0,,0,-2.7755575615628914e-17,0
form(0-1-2) | absent(0-1) => strong_favour,2,P->T,strong_favour,1.5106188869240533e-15,float64,2,0,0.0,1,1,0.01745313510019675,positive,2.498001805406602e-16,zero,0.0,0.0058965547061310295,-8.372650550541274e-16,0.02062287141992471,0.02748868778282495,positive,0,inside,0.0,e2-deg2110-tri0-comp2,e2-deg1111-tri0-comp2,0.0,,0,-5.551115123125783e-17,0
form(0-1-2) | present(0-1) => prohibit,2,P->T,prohibit,3.3566899260151217e-16,float64,2,0,0.0,1,1,0.012173913043479381,positive,3.3306690738754696e-16,zero,0.0,0.0011351681235276282,-7.163182839406163e-16,0.047867633211739785,0.029545454545455513,positive,0,inside,0.0,e2-deg2110-tri0-comp2,e2-deg1111-tri0-comp2,0.0,,0,-5.551115123125783e-17,0
form(0-1-2) | present(0-1) => strong_suppress,2,P->T,strong_suppress,1.6453852169640015e-15,float64,2,0,0.0,1,1,0.0055304606561096675,positive,2.498001805406602e-16,zero,0.0,0.0007749684434148239,-9.990509589204651e-16,0.013797097396486869,0.011924354522119991,positive,0,inside,0.0,e2-deg2110-tri0-comp2,e2-deg1111-tri0-comp2,0.0,,0,-2.7755575615628914e-17,0
form(0-1-2) | present(0-1) => weak_suppress,2,P->T,weak_suppress,6.550749526157418e-16,float64,2,0,0.0,1,1,0.0020435704646235148,positive,2.498001805406602e-16,zero,0.0,0.0003586498550819718,-6.733003151973536e-16,0.004269606380554369,0.004087098276665209,positive,0,inside,0.0,e2-deg2110-tri0-comp2,e2-deg1111-tri0-comp2,0.0,,0,-2.7755575615628914e-17,0
form(0-1-2) | present(0-1) => weak_favour,2,P->T,weak_favour,7.57748898350119e-16,float64,2,0,0.0,1,1,0.0037407568508056738,positive,2.498001805406602e-16,zero,0.0,0.0010597267218496148,-1.053494280803026e-16,0.005265727886616226,0.006281317108088935,positive,0,inside,0.0,e2-deg2110-tri0-comp2,e2-deg1111-tri0-comp2,0.0,,0,-1.1102230246251565e-16,0
form(0-1-2) | present(0-1) => strong_favour,2,P->T,strong_favour,2.6443690986921453e-16,float64,2,0,0.0,1,1,0.017453135100195416,positive,2.498001805406602e-16,zero,0.0,0.005896554706130987,-1.0756910402142943e-16,0.02062287141992445,0.027488687782806075,positive,0,inside,0.0,e2-deg2110-tri0-comp2,e2-deg1111-tri0-comp2,0.0,,0,-8.326672684688674e-17,0
form(0-1-2) | absent(0-3) => prohibit,2,P->T,prohibit,2.5413698923060224e-16,float64,2,0,0.0,1,1,0.012173913043478674,positive,3.3306690738754696e-16,zero,0.0,0.001135168123528376,-1.2248935248831683e-15,0.04786763321174155,0.029545454545454437,positive,0,inside,0.0,e2-deg2110-tri0-comp2,e2-deg1111-tri0-comp2,0.0,,0,-5.551115123125783e-17,0
form(0-1-2) | absent(0-3) => strong_suppress,2,P->T,strong_suppress,1.2453146153168504e-15,float64,2,0,0.0,1,1,0.005530460656110278,positive,2.498001805406602e-16,zero,0.0,0.000774968443415024,-1.4417799530575441e-15,0.013797097396486263,0.011924354522120102,positive,0,inside,0.0,e2-deg2110-tri0-comp2,e2-deg1111-tri0-comp2,0.0,,0,-2.7755575615628914e-17,0
form(0-1-2) | absent(0-3) => weak_suppress,2,P->T,weak_suppress,7.125376677574735e-16,float64,2,0,0.0,1,1,0.0020435704646236813,positive,2.498001805406602e-16,zero,0.0,0.00035864985508214745,-1.3868279539038812e-15,0.0042696063805545805,0.00408709827666523,positive,0,inside,0.0,e2-deg2110-tri0-comp2,e2-deg1111-tri0-comp2,0.0,,0,-5.551115123125783e-17,0
form(0-1-2) | absent(0-3) => weak_favour,2,P->T,weak_favour,5.643272307787051e-16,float64,2,0,0.0,1,1,0.003740756850805896,positive,2.498001805406602e-16,zero,0.0,0.0010597267218490996,-1.786712270083212e-16,0.0052657278866167345,0.006281317108094035,positive,0,inside,0.0,e2-deg2110-tri0-comp2,e2-deg1111-tri0-comp2,0.0,,0,-5.551115123125783e-17,0
form(0-1-2) | absent(0-3) => strong_favour,2,P->T,strong_favour,6.758916343274635e-16,float64,2,0,0.0,1,1,0.017453135100197636,positive,3.3306690738754696e-16,zero,0.0,0.00589655470613086,-3.04673316351165e-16,0.020622871419923933,0.027488687782806553,positive,0,inside,0.0,e2-deg2110-tri0-comp2,e2-deg1111-tri0-comp2,0.0,,0,-2.7755575615628914e-17,0
form(0-1-2) | present(0-3) => prohibit,2,P->T,prohibit,5.577135975265435e-16,float64,2,0,0.0,1,1,0.01217391304347934,positive,2.498001805406602e-16,zero,0.0,0.0011351681235275163,-5.979938030200795e-16,0.04786763321173847,0.029545454545454947,positive,0,inside,0.0,e2-deg2110-tri0-comp2,e2-deg1111-tri0-comp2,0.0,,0,-5.551115123125783e-17,0
form(0-1-2) | present(0-3) => strong_suppress,2,P->T,strong_suppress,1.132774429812855e-15,float64,2,0,0.0,1,1,0.005530460656109501,positive,2.498001805406602e-16,zero,0.0,0.0007749684434149054,-7.99074828772995e-16,0.013797097396486907,0.011924354522120047,positive,0,inside,0.0,e2-deg2110-tri0-comp2,e2-deg1111-tri0-comp2,0.0,,0,2.7755575615628914e-17,0
form(0-1-2) | present(0-3) => weak_suppress,2,P->T,weak_suppress,1.046905617752003e-15,float64,2,0,0.0,1,1,0.002043570464623695,positive,3.3306690738754696e-16,zero,0.0,0.00035864985508205,-1.25814864707748e-15,0.004269606380554671,0.004087098276665195,positive,0,inside,0.0,e2-deg2110-tri0-comp2,e2-deg1111-tri0-comp2,0.0,,0,-8.326672684688674e-17,0
form(0-1-2) | present(0-3) => weak_favour,2,P->T,weak_favour,1.1437248717549586e-15,float64,2,0,0.0,1,1,0.0037407568508056183,positive,2.498001805406602e-16,zero,0.0,0.0010597267218494125,2.7169212712869807e-17,0.005265727886616566,0.006281317108088887,positive,0,inside,0.0,e2-deg2110-tri0-comp2,e2-deg1111-tri0-comp2,0.0,,0,-8.326672684688674e-17,0
form(0-1-2) | present(0-3) => strong_favour,2,P->T,strong_favour,5.274643569141979e-16,float64,2,0,0.0,1,1,0.01745313510019482,positive,3.3306690738754696e-16,zero,0.0,0.005896554706130803,-1.7679756511604613e-16,0.020622871419924672,0.027488687782811418,positive,0,inside,0.0,e2-deg2110-tri0-comp2,e2-deg1111-tri0-comp2,0.0,,0,-8.326672684688674e-17,0
form(0-1-2) | absent(0-1-3) => prohibit,2,T->T,prohibit,4.117799851099946e-16,float64,2,0,0.0,0,0,0.002777777777778448,positive,2.498001805406602e-16,zero,0.0,0.0032289436203630237,-2.0490667578113135e-15,1.6065385475918382e-16,0.008714596949891462,positive,0,inside,0.0,e2-deg2110-tri0-comp2,e2-deg1111-tri0-comp2,0.0,,0,1.1102230246251565e-16,0
form(0-1-2) | absent(0-1-3) => strong_suppress,2,T->T,strong_suppress,4.475586568020162e-16,float64,2,0,0.0,0,0,0.0013636975846284538,positive,3.3306690738754696e-16,zero,0.0,0.0016064869762358583,-2.012750738937375e-16,-1.6743827683536973e-15,0.0040040040040045105,positive,0,inside,0.0,e2-deg2110-tri0-comp2,e2-deg1111-tri0-comp2,0.0,,0,5.551115123125783e-17,0
form(0-1-2) | absent(0-1-3) => weak_suppress,2,T->T,weak_suppress,6.166941957097549e-16,float64,2,0,0.0,0,0,0.0005328947368427317,positive,2.498001805406602e-16,zero,0.0,0.0006334949558296162,-9.367953002329524e-16,4.6368716849397236e-15,0.0014930944382233746,positive,0,inside,0.0,e2-deg2110-tri0-comp2,e2-deg1111-tri0-comp2,0.0,,0,0.0,0
form(0-1-2) | absent(0-1-3) => weak_favour,2,T->T,weak_favour,7.12429247540225e-16,float64,2,0,0.0,0,0,0.001143421795597413,positive,2.498001805406602e-16,zero,0.0,0.001389921971052947,1.5718517654994e-16,2.9620209073763344e-15,0.003023447141101296,positive,0,inside,0.0,e2-deg2110-tri0-comp2,e2-deg1111-tri0-comp2,0.0,,0,-5.551115123125783e-17,0
form(0-1-2) | absent(0-1-3) => strong_favour,2,T->T,strong_favour,6.199468022272114e-16,float64,2,0,0.0,0,0,0.0057408807408836915,positive,3.3306690738754696e-16,zero,0.0,0.007054136477960959,-5.58538610086106e-16,-4.3760765088551866e-16,0.01653171390013613,positive,0,inside,0.0,e2-deg2110-tri0-comp2,e2-deg1111-tri0-comp2,0.0,,0,0.0,0
form(0-1-2) | present(0-1-3) => prohibit,2,T->T,prohibit,7.713014255061879e-16,float64,2,0,0.0,0,0,0.002777777777778795,positive,1.6653345369377348e-16,zero,0.0,0.0032289436203630515,-1.113753812390804e-15,-1.309043203214513e-16,0.022368421052631756,positive,0,inside,0.0,e2-deg2110-tri0-comp2,e2-deg1111-tri0-comp2,0.0,,0,2.7755575615628914e-17,0
form(0-1-2) | present(0-1-3) => strong_suppress,2,T->T,strong_suppress,1.2097527840593258e-15,float64,2,0,0.0,0,0,0.0013636975846280236,positive,2.498001805406602e-16,zero,0.0,0.0016064869762356996,-2.256081666897828e-16,-1.3695181066760787e-15,0.009591808303148708,positive,0,inside,0.0,e2-deg2110-tri0-comp2,e2-deg1111-tri0-comp2,0.0,,0,0.0,0
form(0-1-2) | present(0-1-3) => weak_suppress,2,T->T,weak_suppress,1.2192937631771983e-15,float64,2,0,0.0,0,0,0.0005328947368427872,positive,2.498001805406602e-16,zero,0.0,0.0006334949558296278,-5.413242127652964e-16,5.7381360219818865e-15,0.0034121320249778375,positive,0,inside,0.0,e2-deg2110-tri0-comp2,e2-deg1111-tri0-comp2,0.0,,0,-2.7755575615628914e-17,0
form(0-1-2) | present(0-1-3) => weak_favour,2,T->T,weak_favour,4.1167156489274603e-16,float64,2,0,0.0,0,0,0.0011434217955958587,positive,1.6653345369377348e-16,zero,0.0,0.0013899219710522036,-2.2927933659229106e-16,2.829250538411149e-15,0.005700447093889852,positive,0,inside,0.0,e2-deg2110-tri0-comp2,e2-deg1111-tri0-comp2,0.0,,0,-2.7755575615628914e-17,0
form(0-1-2) | present(0-1-3) => strong_favour,2,T->T,strong_favour,9.13548750536286e-16,float64,2,0,0.0,0,0,0.005740880740881499,positive,3.3306690738754696e-16,zero,0.0,0.007054136477961203,-6.594369758973298e-16,-6.597547933121757e-16,0.025709484690069284,positive,0,inside,0.0,e2-deg2110-tri0-comp2,e2-deg1111-tri0-comp2,0.0,,0,-5.551115123125783e-17,0
dissolve(0-1-2) => prohibit,1,T->T,prohibit,3.161533534967731e-16,float64,2,0,0.0,0,0,2.7755575615628914e-16,zero,1.6653345369377348e-16,zero,0.0,-6.20455328701128e-17,3.972999667817286e-16,-7.990226329968305e-15,2.498001805406602e-16,zero,0,inside,0.0,e2-deg2110-tri0-comp2,e2-deg1111-tri0-comp2,0.0,,0,0.0,0
dissolve(0-1-2) => strong_suppress,1,T->T,strong_suppress,9.712283061125149e-16,float64,2,0,0.0,0,0,0.0010959645502831572,positive,2.498001805406602e-16,zero,0.0,0.0012260795672699853,-1.0317285751544576e-16,3.2460587734976976e-15,0.0220552642194574,positive,0,inside,0.0,e2-deg2110-tri0-comp2,e2-deg1111-tri0-comp2,0.0,,0,0.0,0
dissolve(0-1-2) => weak_suppress,1,T->T,weak_suppress,5.745187312000688e-16,float64,2,0,0.0,0,0,0.0005939613925097648,positive,2.498001805406602e-16,zero,0.0,0.0006881652003433959,-1.1935683516492057e-15,-2.3100491898262383e-15,0.006525241675621123,positive,0,inside,0.0,e2-deg2110-tri0-comp2,e2-deg1111-tri0-comp2,0.0,,0,0.0,0
dissolve(0-1-2) => weak_favour,1,T->T,weak_favour,1.622616971341806e-15,float64,2,0,0.0,0,0,0.0016241822693449093,positive,2.498001805406602e-16,zero,0.0,0.0020120982212075114,-1.360309203849695e-15,7.040763936893417e-16,0.007778489116521882,positive,0,inside,0.0,e2-deg2110-tri0-comp2,e2-deg1111-tri0-comp2,0.0,,0,8.326672684688674e-17,0
dissolve(0-1-2) => strong_favour,1,T->T,strong_favour,2.3834016357748844e-15,float64,2,0,0.0,0,0,0.008178204076482884,positive,3.3306690738754696e-16,zero,0.0,0.010352086396074536,-4.965936750152284e-16,-3.7348920658444715e-15,0.031622325043387654,positive,0,inside,0.0,e2-deg2110-tri0-comp2,e2-deg1111-tri0-comp2,0.0,,0,-5.551115123125783e-17,0
dissolve(0-1-2) | absent(0-1) => prohibit,2,P->T,prohibit,5.900228222666115e-16,float64,2,0,0.0,1,1,0.012173913043478299,positive,2.498001805406602e-16,zero,0.0,0.0011351681235290663,-1.4792906374713066e-16,0.047867633211739695,0.02954545454545461,positive,0,inside,0.0,e2-deg2110-tri0-comp2,e2-deg1111-tri0-comp2,0.0,,0,0.0,0
dissolve(0-1-2) | absent(0-1) => strong_suppress,2,P->T,strong_suppress,4.688090193827321e-16,float64,2,0,0.0,1,1,0.005530460656108932,positive,2.498001805406602e-16,zero,0.0,0.0007749684434153082,3.2616409460552353e-17,0.013797097396485866,0.011924354522122496,positive,0,inside,0.0,e2-deg2110-tri0-comp2,e2-deg1111-tri0-comp2,0.0,,0,0.0,0
dissolve(0-1-2) | absent(0-1) => weak_suppress,2,P->T,weak_suppress,5.246454312657356e-16,float64,2,0,0.0,1,1,0.0020435704646234176,positive,3.3306690738754696e-16,zero,0.0,0.0003586498550823811,-1.5537653304166634e-15,0.004269606380554565,0.004087098276665507,positive,0,inside,0.0,e2-deg2110-tri0-comp2,e2-deg1111-tri0-comp2,0.0,,0,-2.7755575615628914e-17,0
dissolve(0-1-2) | absent(0-1) => weak_favour,2,P->T,weak_favour,6.589780804366896e-16,float64,2,0,0.0,1,1,0.0037407568508059236,positive,2.498001805406602e-16,zero,0.0,0.001059726721849599,6.239818280483427e-16,0.005265727886615791,0.006281317108090274,positive,0,inside,0.0,e2-deg2110-tri0-comp2,e2-deg1111-tri0-comp2,0.0,,0,-2.7755575615628914e-17,0
dissolve(0-1-2) | absent(0-1) => strong_favour,2,P->T,strong_favour,9.817450671856243e-16,float64,2,0,0.0,1,1,0.017453135100199413,positive,3.3306690738754696e-16,zero,0.0,0.005896554706130688,-6.700917549972161e-16,0.02062287141992388,0.027488687782812174,positive,0,inside,0.0,e2-deg2110-tri0-comp2,e2-deg1111-tri0-comp2,0.0,,0,-2.7755575615628914e-17,0
dissolve(0-1-2) | present(0-1) => prohibit,2,P->T,prohibit,1.2370746788059606e-15,float64,2,0,0.0,1,1,0.012173913043484905,positive,3.3306690738754696e-16,zero,0.0,0.0011351681235274446,4.466235584583223e-16,0.047867633211739785,0.02954545454545865,positive,0,inside,0.0,e2-deg2110-tri0-comp2,e2-deg1111-tri0-comp2,0.0,,0,0.0,0
dissolve(0-1-2) | present(0-1) => strong_suppress,2,P->T,strong_suppress,1.6589377441200703e-15,float64,2,0,0.0,1,1,0.0055304606561136505,positive,2.498001805406602e-16,zero,0.0,0.0007749684434153847,-1.7645912766322279e-16,0.013797097396486532,0.011924354522124182,positive,0,inside,0.0,e2-deg2110-tri0-comp2,e2-deg1111-tri0-comp2,0.0,,0,-2.7755575615628914e-17,0
dissolve(0-1-2) | present(0-1) => weak_suppress,2,P->T,weak_suppress,3.8445809036335987e-16,float64,2,0,0.0,1,1,0.002043570464623362,positive,2.498001805406602e-16,zero,0.0,0.0003586498550821201,-1.6118603235404161e-16,0.00426960638055494,0.004087098276665972,positive,0,inside,0.0,e2-deg2110-tri0-comp2,e2-deg1111-tri0-comp2,0.0,,0,-5.551115123125783e-17,0
dissolve(0-1-2) | present(0-1) => weak_favour,2,P->T,weak_favour,5.683387788169014e-16,float64,2,0,0.0,1,1,0.0037407568508055072,positive,2.498001805406602e-16,zero,0.0,0.0010597267218488552,1.2352891140878926e-15,0.005265727886616236,0.006281317108092613,positive,0,inside,0.0,e2-deg2110-tri0-comp2,e2-deg1111-tri0-comp2,0.0,,0,-1.3877787807814457e-16,0
dissolve(0-1-2) | present(0-1) => strong_favour,2,P->T,strong_favour,4.521123059264553e-16,float64,2,0,0.0,1,1,0.017453135100196263,positive,3.3306690738754696e-16,zero,0.0,0.0058965547061316575,-1.2375369507212442e-15,0.02062287141992503,0.027488687782805936,positive,0,inside,0.0,e2-deg2110-tri0-comp2,e2-deg1111-tri0-comp2,0.0,,0,-8.326672684688674e-17,0
dissolve(0-1-2) | absent(0-3) => prohibit,2,P->T,prohibit,2.7099633301275183e-16,float64,2,0,0.0,1,1,0.012173913043479881,positive,2.498001805406602e-16,zero,0.0,0.0011351681235277312,-3.4584909969245977e-16,0.04786763321173996,0.029545454545459992,positive,0,inside,0.0,e2-deg2110-tri0-comp2,e2-deg1111-tri0-comp2,0.0,,0,-2.7755575615628914e-17,0
dissolve(0-1-2) | absent(0-3) => strong_suppress,2,P->T,strong_suppress,1.0202342443088597e-15,float64,2,0,0.0,1,1,0.005530460656109473,positive,2.498001805406602e-16,zero,0.0,0.0007749684434149562,-3.7534713739502973e-16,0.01379709739648626,0.011924354522122448,positive,0,inside,0.0,e2-deg2110-tri0-comp2,e2-deg1111-tri0-comp2,0.0,,0,-2.7755575615628914e-17,0
dissolve(0-1-2) | absent(0-3) => weak_suppress,2,P->T,weak_suppress,2.931682674400804e-16,float64,2,0,0.0,1,1,0.0020435704646233066,positive,3.3306690738754696e-16,zero,0.0,0.0003586498550827186,-1.1033717137232029e-15,0.004269606380554447,0.0040870982766653755,positive,0,inside,0.0,e2-deg2110-tri0-comp2,e2-deg1111-tri0-comp2,0.0,,0,-5.551115123125783e-17,0
dissolve(0-1-2) | absent(0-3) => weak_favour,2,P->T,weak_favour,5.576051773092949e-16,float64,2,0,0.0,1,1,0.0037407568508057015,positive,2.498001805406602e-16,zero,0.0,0.0010597267218495298,2.2699943580462786e-16,0.005265727886616154,0.006281317108090448,positive,0,inside,0.0,e2-deg2110-tri0-comp2,e2-deg1111-tri0-comp2,0.0,,0,-8.326672684688674e-17,0
dissolve(0-1-2) | absent(0-3) => strong_favour,2,P->T,strong_favour,5.212844045310305e-16,float64,2,0,0.0,1,1,0.01745313510019661,positive,3.3306690738754696e-16,zero,0.0,0.005896554706131313,-1.0425397715640913e-15,0.020622871419924273,0.027488687782807976,positive,0,inside,0.0,e2-deg2110-tri0-comp2,e2-deg1111-tri0-comp2,0.0,,0,0.0,0
dissolve(0-1-2) | present(0-3) => prohibit,2,P->T,prohibit,1.0282573403852524e-15,float64,2,0,0.0,1,1,0.012173913043480977,positive,2.498001805406602e-16,zero,0.0,0.001135168123527819,-2.524053988438789e-16,0.047867633211739,0.02954545454545914,positive,0,inside,0.0,e2-deg2110-tri0-comp2,e2-deg1111-tri0-comp2,0.0,,0,0.0,0
dissolve(0-1-2) | present(0-3) => strong_suppress,2,P->T,strong_suppress,5.118518456304066e-16,float64,2,0,0.0,1,1,0.005530460656110001,positive,2.498001805406602e-16,zero,0.0,0.0007749684434152329,-9.158233486248014e-16,0.013797097396486444,0.011924354522120817,positive,0,inside,0.0,e2-deg2110-tri0-comp2,e2-deg1111-tri0-comp2,0.0,,0,2.7755575615628914e-17,0
dissolve(0-1-2) | present(0-3) => weak_suppress,2,P->T,weak_suppress,3.3545215216701507e-16,float64,2,0,0.0,1,1,0.0020435704646234037,positive,2.498001805406602e-16,zero,0.0,0.00035864985508223896,-1.2929615252489297e-15,0.0042696063805549595,0.004087098276665216,positive,0,inside,0.0,e2-deg2110-tri0-comp2,e2-deg1111-tri0-comp2,0.0,,0,-8.326672684688674e-17,0
dissolve(0-1-2) | present(0-3) => weak_favour,2,P->T,weak_favour,8.207410445715269e-16,float64,2,0,0.0,1,1,0.0037407568508055627,positive,2.498001805406602e-16,zero,0.0,0.0010597267218486243,6.174739199787676e-16,0.005265727886616617,0.0062813171080894625,positive,0,inside,0.0,e2-deg2110-tri0-comp2,e2-deg1111-tri0-comp2,0.0,,0,-1.1102230246251565e-16,0
dissolve(0-1-2) | present(0-3) => strong_favour,2,P->T,strong_favour,6.782768791069316e-16,float64,2,0,0.0,1,1,0.01745313510019693,positive,3.3306690738754696e-16,zero,0.0,0.005896554706131226,-1.2446217347513733e-16,0.020622871419923593,0.027488687782809926,positive,0,inside,0.0,e2-deg2110-tri0-comp2,e2-deg1111-tri0-comp2,0.0,,0,-5.551115123125783e-17,0
dissolve(0-1-2) | absent(0-1-3) => prohibit,2,T->T,prohibit,4.987872094519563e-16,float64,2,0,0.0,0,0,0.0027777777777785867,positive,2.498001805406602e-16,zero,0.0,0.0032289436203633472,9.75418343642083e-17,2.016292228935694e-15,0.022368421052638834,positive,0,inside,0.0,e2-deg2110-tri0-comp2,e2-deg1111-tri0-comp2,0.0,,0,-2.7755575615628914e-17,0
dissolve(0-1-2) | absent(0-1-3) => strong_suppress,2,T->T,strong_suppress,4.1882729923115036e-16,float64,2,0,0.0,0,0,0.0013636975846282179,positive,2.498001805406602e-16,zero,0.0,0.00160648697623576,-5.0515990298779983e-17,-6.112680619004915e-16,0.009591808303152066,positive,0,inside,0.0,e2-deg2110-tri0-comp2,e2-deg1111-tri0-comp2,0.0,,0,-2.7755575615628914e-17,0
dissolve(0-1-2) | absent(0-1-3) => weak_suppress,2,T->T,weak_suppress,3.378373969464832e-16,float64,2,0,0.0,0,0,0.0005328947368422321,positive,2.498001805406602e-16,zero,0.0,0.0006334949558293973,-1.1864613908059625e-15,4.808764577071983e-15,0.003412132024978809,positive,0,inside,0.0,e2-deg2110-tri0-comp2,e2-deg1111-tri0-comp2,0.0,,0,0.0,0
dissolve(0-1-2) | absent(0-1-3) => weak_favour,2,T->T,weak_favour,2.0452389781766556e-15,float64,2,0,0.0,0,0,0.0011434217955974546,positive,2.498001805406602e-16,zero,0.0,0.0013899219710528374,3.1675927201251865e-16,3.559910178797516e-15,0.005700447093896929,positive,0,inside,0.0,e2-deg2110-tri0-comp2,e2-deg1111-tri0-comp2,0.0,,0,5.551115123125783e-17,0
dissolve(0-1-2) | absent(0-1-3) => strong_favour,2,T->T,strong_favour,4.907099032669393e-16,float64,2,0,0.0,0,0,0.00574088074088086,positive,2.498001805406602e-16,zero,0.0,0.0070541364779608574,-6.676442841504389e-16,-8.682551194005031e-17,0.025709484690068826,positive,0,inside,0.0,e2-deg2110-tri0-comp2,e2-deg1111-tri0-comp2,0.0,,0,-5.551115123125783e-17,0
dissolve(0-1-2) | present(0-1-3) => prohibit,2,T->T,prohibit,9.096456227153382e-16,float64,2,0,0.0,0,0,0.0027777777777779483,positive,1.6653345369377348e-16,zero,0.0,0.0032289436203629617,3.642020640372435e-16,-4.848711066745838e-16,0.008714596949891379,positive,0,inside,0.0,e2-deg2110-tri0-comp2,e2-deg1111-tri0-comp2,0.0,,0,-5.551115123125783e-17,0
dissolve(0-1-2) | present(0-1-3) => strong_suppress,2,T->T,strong_suppress,1.3322676295501878e-15,float64,2,0,0.0,0,0,0.0013636975846279265,positive,2.498001805406602e-16,zero,0.0,0.0016064869762357679,-4.5378701786165e-16,-1.6837634706360252e-15,0.004004004004008091,positive,0,inside,0.0,e2-deg2110-tri0-comp2,e2-deg1111-tri0-comp2,0.0,,0,-2.7755575615628914e-17,0
dissolve(0-1-2) | present(0-1-3) => weak_suppress,2,T->T,weak_suppress,4.4137870441884886e-16,float64,2,0,0.0,0,0,0.0005328947368422043,positive,2.498001805406602e-16,zero,0.0,0.0006334949558296677,-1.3431674709805653e-15,5.4883673568329634e-15,0.0014930944382234301,positive,0,inside,0.0,e2-deg2110-tri0-comp2,e2-deg1111-tri0-comp2,0.0,,0,-2.7755575615628914e-17,0
dissolve(0-1-2) | present(0-1-3) => weak_favour,2,T->T,weak_favour,1.038232000372119e-15,float64,2,0,0.0,0,0,0.0011434217955958031,positive,2.498001805406602e-16,zero,0.0,0.0013899219710525664,3.90502923685035e-16,3.223874242871769e-15,0.0030234471410943084,positive,0,inside,0.0,e2-deg2110-tri0-comp2,e2-deg1111-tri0-comp2,0.0,,0,1.1102230246251565e-16,0
dissolve(0-1-2) | present(0-1-3) => strong_favour,2,T->T,strong_favour,8.870942175276397e-16,float64,2,0,0.0,0,0,0.005740880740881235,positive,2.498001805406602e-16,zero,0.0,0.007054136477960697,-6.888250280951334e-16,-1.1191257916227125e-17,0.01653171390013535,positive,0,inside,0.0,e2-deg2110-tri0-comp2,e2-deg1111-tri0-comp2,0.0,,0,-5.551115123125783e-17,0
